SMILES,Tc,Pc,Vc,omega
Br,363.17,85.2474,100.0066667,0.07366
BrB(Br)Br,573.2,,,
BrBr,584.91,103.0952,133.424,0.118475
BrC(Br)(Br)Br,724.8,96.31,328.73,0.584
BrC(Br)Br,686.2625,58.89887006,273.615,0.184624289
BrCBr,596.05,71.841,223.16,0.209
BrCCBr,630.2071429,60.65055748,257.642,0.211986327
BrP(Br)Br,711.045,,,
Brc1ccccc1,670.2,45.49142004,323.975,0.253901872
C,190.565325,45.9948254,98.75975678,0.011468825
C#C,308.3669167,61.38930126,113.2870283,0.187965043
C#CC,402.2633333,56.2687726,163.471697,0.21118705
C#CC(C)C,463.2,42,275.03,0.308
C#CC=C,454.7875,49.379,203.0066667,0.1005
C#CCC,447.3214286,45.60333333,213.2389606,0.2635
C#CCCC,486.33,41.105,277.6733333,0.227
C#CCCCC,516.2,36.4,321.96,0.335
C#CCCCCC,559,31.3,385.95,0.272
C#CCCCCCC,585,28.2,440.92,0.323
C#N,456.6625,53.8336,138.9766667,0.405833333
C/C(Cl)=C/Cl,590,47.3257,,
C/C(Cl)=C\Cl,542,43.4335,,
C/C(F)=C/F,458,44.5038,,
C/C(F)=C\C(F)(F)F,424.73,31.5648,,
C/C=C(/C)C(=O)O,661.14,44.9167,,
C/C=C(/C)CC,518.15,32.8,351,
C/C=C(\C)CC,521.15,32.7,350,
C/C=C/C,427.9475833,40.73216275,237.7580551,0.213710627
C/C=C/C(=O)OCC,599.0375,,381.97,
C/C=C/C(C)C,493.15,30.4,360,
C/C=C/C=O,601.98,54.97,239.2,0.338
C/C=C/CC,473.9633333,36.09333333,302.7366667,0.237
C/C=C/CCC,512.5375,32.51512492,351.66,0.313363731
C/C=C/CCCC,542.8,30,410,
C/C=C/CCCCC,574.9,27.655,,0.35
C/C=C/Cl,490.8,46.3014,,
C/C=C\C,434.3620833,42.08316833,234.4626767,0.202808071
C/C=C\C(=O)O,644.6,47.0344,,
C/C=C\C(C)C,494.25,32.00094787,360,0.283996656
C/C=C\CC,475.2571429,36.80109753,301.8325,0.245225745
C/C=C\CC(=O)O,646.87,38.7866,,
C/C=C\CCC,515.7375,32.815,351,
C/C=C\CCCC,548.5,30,410,
C/C=C\CCCCC,580.15,27.7,,
C/C=C\Cl,483.3,46.0183,,
C/C=C\F,393,46.7848,,
C1=CC2CCC1C2,590,,314.37,
C1=CC=CCC=C1,593.9,42.85,,
C1=CCC1,448,51.495,193.4235977,0.163
C1=CCCC1,506.4109091,47.97618506,246.02,0.19755315
C1=CCCCC1,560.4328182,43.37133333,292.53,0.212333333
C1=COCCC1,561.45,46.02258772,268.02,0.248720896
C1=Cc2cccc3cccc1c23,792,32,,0.399
C1CC1,398.10595,55.40291599,163.3935606,0.129564808
C1CC12CC2,506.425,,,
C1CCC(C2CCCC2)C1,690,,,
C1CCC(SC2CCCCC2)CC1,770,23.7,699.79,
C1CCC1,459.9785714,49.68205,211.626,0.183
C1CCC2CCCCC2C1,684.2722222,29.89471429,491.88,0.27
C1CCCC1,511.7,45.14173448,259.4151701,0.196529887
C1CCCCC1,553.6063636,40.78013163,308.252633,0.209397538
C1CCCCCC1,602.8554545,38.14650086,358.7033333,0.240590973
C1CCCCCCC1,648.116,35.57681601,410.85625,0.247372901
C1CCCCCCCC1,682,33.44,457.02,0.281
C1CCCCCCCCC1,709,30.4,506.035,0.292
C1CCNC1,568.53,56.25082046,246.25,0.293003564
C1CCNCC1,594.0695556,46.93429561,294.615,0.244825029
C1CCOC1,540.1536667,52.12644047,223.8116667,0.226019254
C1CCOCC1,572.13,47.76666667,267.77,0.219682688
C1CCSC1,632.0057143,54.48412017,276.01,0.219682688
C1CCSCC1,684,,,
C1CC[C@H]2CCCC[C@@H]2C1,687.0375,29.99333333,480,
C1CC[C@H]2CCCC[C@H]2C1,702.9375,32,480,0.279
C1CNCCN1,659.9,57.36711712,272.6633333,0.371413579
C1CO1,468.9433333,72.23598825,139.9288904,0.200665636
C1COC1,507.9,,,
C1COCCN1,618.05,54.701,252.985,0.37
C1COCCO1,587.08,52.01236417,240.45125,0.278817674
C1COCOC1,588,45.8,,
C=C,282.34978,50.39842176,130.8736402,0.086474449
C=C(C)C,417.982,40.00361388,239.0161958,0.191916524
C=C(C)C(=C)C,527.2,35.36,333,
C=C(C)C(=O)O,638.4,49.0521,,
C=C(C)C(=O)OC,540.28,38.70028654,,0.521433504
C=C(C)C(C)(C)C,533.075,29,400,
C=C(C)C(C)C,499.71,32.57163692,343,0.253365801
C=C(C)C(C)CC,533.8,29,400,
C=C(C)CC,465.88125,34.19,292.99,0.232333333
C=C(C)CC(C)(C)C,555.45,26.875,457,
C=C(C)CCC,511.45,,,
C=C(C)CCCC,541.9,29,407,
C=C(C)CCCCC,567.5,26,465.98,
C=C(C)Cl,471.5,43.8841,,
C=C(C)F,393,,,
C=C(C)OC,478.54,41.76175855,,0.251811973
C=C(C)[C@H]1CC=C(C)CC1,653,28.1,498.01,
C=C(C)c1ccccc1,649.5,34.775,409.9466667,
C=C(CC)C(=O)O,653.93,43.7415,,
C=C(Cl)C(F)(F)F,440,41.56107,,
C=C(Cl)CCl,578,59.4895,,
C=C(Cl)Cl,490.85,52.0722,220.93,0.272
C=C(F)C(F)(F)Cl,441,32.9915,,
C=C(F)C(F)(F)F,367.85,33.80673067,239.6940768,0.275739187
C=C(F)Cl,401,46.0262,,
C=C(F)F,302.9517778,44.55267583,154.6083333,0.139231319
C=C/C=C/C,500.05,37.4,275.79,0.116
C=C/C=C\C,496.15,39.9,275,
C=C1CC[C@H]2C[C@@H]1C2(C)C,635,25.09881423,,0.341035157
C=C=C,394.1,54.162,165.0683051,0.1536
C=C=C(C)C,496,,,
C=C=CC,447.03,44.29425,219.4775,0.195666667
C=C=CCC,501.6,39.35,275.895,0.154
C=C=O,377.5125,62.644,144.6533333,0.166
C=CC,364.9612857,46.04165849,184.4059059,0.141895873
C=CC#N,538.3071429,46.14943799,210.3366667,0.33778791
C=CC(=C)C,484.0375,38.5,276.3366667,0.158
C=CC(=O)O,615.8225,53.85243333,210,0.518
C=CC(=O)OC,536.05,42.573,264.985,0.35
C=CC(=O)OCC,552.05,37.4905,320,0.4
C=CC(=O)OCCCC,616.796,29.48568608,433.37,0.483200296
C=CC(C)(C)C,485.03,31.93666667,342.65,
C=CC(C)C,453.5490909,35.2492609,303.8388889,0.208802404
C=CC(Cl)(Cl)Cl,584,45.2267,,
C=CC(Cl)Cl,552,44.277,,
C=CC(F)(F)F,378.077875,35.98727538,220.8895349,0.261350832
C=CC1(C)C=CC=CC1,654.15,34,397,
C=CC1CC2C=CC1C2,620,33,413.22,
C=CC=C,425.1183333,43.16163985,220.825046,0.192013674
C=CC=CCCCCCC,615,,,
C=CC=O,506.05,51.6815,197,0.33
C=CCBr,544.4,,,
C=CCC,419.444,40.12662576,239.1849214,0.189823926
C=CCC#N,585.15,39.1535,264.985,0.39
C=CCC(=O)O,644.6,47.0344,,
C=CCC(C)(C)C,516,29.1,406.01,
C=CCC(C)C,494.3666667,32.53333333,353.52,
C=CCC=C,478.3833333,37.72866667,284.9233333,0.094
C=CCCC,464.838,35.55127799,297.3020894,0.235260553
C=CCCC(=O)O,659.75,40.7447,,
C=CCCC(C)=O,593.485,35.61055995,358.94,0.395449967
C=CCCC(C)C,528.7,29,410,
C=CCCC=C,508.5257143,34.8865,327.9933333,
C=CCCCC,504.0323077,31.86394268,356.0236364,0.284198795
C=CCCCCC,536.8588462,28.90859659,411.6436364,0.341873576
C=CCCCCCC,566.8253846,26.64095328,466.8827273,0.389057005
C=CCCCCCCC,593.3727273,23.54142857,538.61,0.419
C=CCCCCCCCC,616.5318182,22.11611982,592.148,0.481965356
C=CCCCCCCCCC,637.4625,20.192,647.1919807,0.518
C=CCCCCCCCCCC,657.645,19.07861792,713.115,0.566847075
C=CCCCCCCCCCCC,673.3583333,17.26917764,775.41,0.617982957
C=CCCCCCCCCCCCC,690.5916667,15.71012973,846,0.637392072
C=CCCCCCCCCCCCCC,704.525,15.03752848,912,0.693766887
C=CCCCCCCCCCCCCCC,717.6916667,13.55479245,955.5,0.722269098
C=CCCCCCCCCCCCCCCC,734,13.40621572,1045,
C=CCCCCCCCCCCCCCCCC,745.45,12.30851034,1114.785,0.800087062
C=CCCCCCCCCCCCCCCCCC,755,11.93617245,1186.585,
C=CCCCCCCCCCCCCCCCCCC,772,11.38431373,1244,
C=CCCl,511.82,46.91185,234,
C=CCF,410,47.9113,,
C=CCN,540,48.25714286,217.01,
C=CCO,543.315,58.9368312,209.3266667,0.631135727
C=CCOC,491.8,39.925,,
C=CCOCC,518,,320,
C=CCSCC=C,653.075,,,
C=CCl,427.3405,54.88848615,175.2011886,0.132510816
C=CF,327.836,52.505,134.0033333,0.143
C=COC,436.05,47.6055,205,0.34
C=COC(C)=O,518.4955556,38.88636151,267.245,0.351409551
C=COC(F)(F)F,378,30.88,,
C=COC=O,475.05,57.7705,210,
C=COCC,475.05,40.66992383,260.6666667,0.268818198
C=COCC(F)(F)F,465,31.6327,,
C=COCCCC,540.375,31.64603641,381.255,0.353596274
C=Cc1ccccc1,636.3125,38.15728455,350.2833333,0.284343332
C=Cc1ccccc1C,645,,,
C=O,408.04,65.91125,111.6866667,0.272
CBr,463.2285714,82.137,155.98,0.212
CC,305.3544,48.75249486,146.1189801,0.099447553
CC#CC,482.49,49.78825,220.945,0.200333333
CC#CCC,519,40.2,276.01,0.174
CC#CCCC,549,35.3,331.02,0.221
CC#N,545.75125,48.47323749,173.06,0.336418603
CC(=O)C(C)(C)C,566.9175,35.50504808,383,0.286845598
CC(=O)C(C)C,555.05625,37.95470467,311.9428571,0.329610093
CC(=O)C(F)(C(F)(F)F)C(F)(F)F,467.6133333,25.1731381,409.33,0.415668776
CC(=O)C(F)(F)C(F)(F)C(F)(F)C(F)(F)F,498.97,21.98105727,,0.474955193
CC(=O)C(F)(F)C(F)(F)C(F)(F)F,476.55,25.74276145,,0.461803422
CC(=O)C(F)(F)C(F)(F)F,453,28.83513686,,0.411168274
CC(=O)C=C(C)C,605,39.24492002,353.2566667,0.349692477
CC(=O)CC(C)=O,646.65,42.39,,
CC(=O)CC(C)C,573.5745,33.03535235,365.918,0.368707096
CC(=O)CCC(C)C,604.05,29,434.03,
CC(=O)Cl,508.075,58.8,204,
CC(=O)N(C)C,637.15,39.2,,
CC(=O)O,592.816,57.82746585,174.8588889,0.460695762
CC(=O)OC(C)(C)C,541.1,30.17666853,399.04,0.374687549
CC(=O)OC(C)=O,600.47,41.12074182,290.818,0.450058487
CC(=O)OC(C)C,531.4716667,32.98607611,343.05,0.372371838
CC(=O)OC(C)OC(C)=O,618.1,30.35128205,457.04,
CC(=O)OCC(C)C,561.6717,30.80193331,404.66,0.444114265
CC(=O)OCCC(C)C,591.783125,27.69321221,464.04,0.490227987
CC(=O)Oc1ccccc1,685.7,35.97586569,,0.42945706
CC(=O)c1ccccc1,709.5863636,39.59712117,382.5944444,0.382895117
CC(Br)CBr,652,46.30681818,,0.238824187
CC(C(C)(C)C)C(C)(C)C,627.35,24,521,
CC(C(F)(F)F)C(F)(F)F,431,29.6802,,
CC(C)(C)C,433.7735833,31.97193023,306.7710398,0.196211947
CC(C)(C)C(C)(C)C,567.8125,28.82666667,468,
CC(C)(C)C1CCCCC1,656.21,27.77381161,537.06,0.329754147
CC(C)(C)CC(C)(C)C,574.6285,24.88452799,509.588,0.313282415
CC(C)(C)CCC(C)(C)C,581.448125,21.89142632,586.44,0.375544714
CC(C)(C)CCO,,,376.4333333,
CC(C)(C)CO,549.075,39.5,319,
CC(C)(C)Cl,503.342,38.669,299.3233333,0.19
CC(C)(C)N,483.8525,38.43973179,292.68,0.275514776
CC(C)(C)O,506.413,40.07449714,276.59375,0.613036927
CC(C)(C)OC(C)(C)C,551.25,23.045,501.25,
CC(C)(C)S,530.15,,,
CC(C)(C)c1cc(C(C)(C)C)cc(C(C)(C)C)c1,700.5,,,
CC(C)(C)c1ccc(C(C)(C)C)cc1,708,22.82251309,731.35,0.510041521
CC(C)(C)c1ccc(O)c(O)c1,775,37,558.66,
CC(C)(C)c1cccc(C(C)(C)C)c1,687.6,,,
CC(C)(C)c1ccccc1,656.0416667,29.81494901,485.31,0.308124894
CC(C)(CO)CO,687,42,,
CC(C)(Cl)CCl,573,36.583,,
CC(C)(Cl)Cl,529,42.90348743,,0.280668713
CC(C)(F)Cl,528,37.4538,,
CC(C)(O)C(F)(F)C(F)(F)C(F)(F)C(F)F,589.4,24.3,533.05,
CC(C)=C(C)C,523.0083333,33.74666667,348.6666667,
CC(C)=CC(=O)O,661.84,36.0992,,
CC(C)=CC(C)(C)C,563.2,26.55,457,
CC(C)=O,508.1615,47.08270556,212.6684397,0.30668915
CC(C)Br,532.05,,264.0110656,
CC(C)C,407.8990857,36.36767572,259.9481763,0.182917465
CC(C)C(=O)C(C)C,576,30.6,415.97,0.411
CC(C)C(=O)O,606.035,37.40128049,292.1442857,0.616196591
CC(C)C(C)(C)C,531.168,29.54877395,398.3625,0.249573632
CC(C)C(C)(C)C(C)(C)C,643.85,25.8,508,
CC(C)C(C)(C)C(C)C,607.4485,27.18533623,495.432,0.313758126
CC(C)C(C)(C)O,,,373.985,
CC(C)C(C)C,500.0516667,31.39363459,359.1320779,0.247898709
CC(C)C(C)C(C)(C)C,592.5935,25.87555091,495.404,0.31378791
CC(C)C(C)C(C)C,566.3867,27.2606354,459.9875,0.314157013
CC(C)C(C)C(C)C(C)C,613.25,23.4,530,
CC(C)C(C)CC(C)(C)C,598.55,22.2,544,
CC(C)C(C)CO,,,374.4533333,
CC(C)C(C)O,556.10625,38.74266826,336.02,0.515637311
CC(C)C(Cl)Cl,582,36.7318,,
CC(C)C(O)C(C)(C)CO,671.15,25.9,364.6,
CC(C)C1=CCC(C)(C(C)C)C=C1,795,,,
CC(C)C1CC1,,,333.115,
CC(C)C1CCCC1,601.075,29.99233333,422,0.24
CC(C)C1CCCCC1,636.94,29.257,478.515,
CC(C)C1CCCCCC1,607.65,,,
CC(C)C=O,513.05,41.5165,273.985,0.35
CC(C)CBr,567.225,,,
CC(C)CC(=O)O,629.343125,34.95693859,326.07,0.671250661
CC(C)CC(C)(C)C,543.8927273,25.68946588,469.0128113,0.302711247
CC(C)CC(C)(C)C(C)C,610.15,23.2,531,
CC(C)CC(C)C,519.856,27.39143307,417.39625,0.301387425
CC(C)CC(C)C(C)(C)C,601.35,22.7,540,
CC(C)CC(C)C(C)C,579.4,24.1,509.6366667,
CC(C)CC(C)CC(C)C,590.35,21.5,560,
CC(C)CC(C)O,574.435,35.65666667,380,
CC(C)CC1CCCC1,625.65,27.35775,482,
CC(C)CC1CCCCC1,653.4166667,28.65,550.06,
CC(C)CCC(C)(C)C,569.49,23.47,526.0125,
CC(C)CCC(C)C,549.87575,24.89100927,482.49875,0.357515775
CC(C)CCC(C)C(C)C,604.15,21.9,560,
CC(C)CCC(C)CC(C)C,608.85,,,
CC(C)CCCC(C)(C)C,593.45,21.3,573,
CC(C)CCCC(C)C,577.8,23.0284884,535,
CC(C)CCCC(C)CCCC(C)CCCCC(C)CCCC(C)CCCC(C)C,796,6,2061.86,
CC(C)CCCCC(C)C,602.95,21,590,
CC(C)CCCO,603.5016667,36.3,379.97,0.591
CC(C)CCCl,560,,,
CC(C)CCO,578.1222222,39.45559562,329.375,0.585206142
CC(C)CCOC=O,577.9333333,31.3,411.4,
CC(C)CCON=O,476.8,50.7,,
CC(C)CCS,600.6666667,35,,
CC(C)CCSCCC(C)C,664,,,
CC(C)CN,522.41,40.53333333,284,
CC(C)CNCC(C)C,584.3866667,32.00109529,,
CC(C)CO,547.898,42.99445566,272.9133333,0.586673463
CC(C)COC(=O)C(C)C,601.9933333,23.375,529.94,
CC(C)COC(=O)CC(C)C,621.175,,581.06,
CC(C)COC=O,551.2166667,38.83142857,353.2783333,0.39
CC(C)CS,559.35,40.6,307.03,0.253
CC(C)Cc1ccccc1,650.3020909,30.41968339,477.5316667,0.380965986
CC(C)Cl,484.4785714,44.51361479,237.985,0.215894229
CC(C)F,410.4,42.4408,,
CC(C)N,474.1072727,45.60200906,222.215,0.278617674
CC(C)NC(C)C,523.03,31.09996151,412.005,0.378423119
CC(C)O,509.1288,48.31797778,220.2042857,0.6672
CC(C)OC(C)C,500.1534286,28.54628284,385.975,0.336849016
CC(C)OC=O,530.0833333,39.65252153,294.03,0.199970641
CC(C)O[Si](OC(C)C)(OC(C)C)OC(C)C,587,13.10267857,,
CC(C)S,517.325,,,
CC(C)SC(C)C,664.15,,,
CC(C)[C@@H]1CC[C@@H](C)C[C@H]1O,694,,,
CC(C)[N+](=O)[O-],617.95,,,
CC(C)c1cc(C(C)C)c(C(C)C)cc1C(C)C,703,16.5,983.28,
CC(C)c1ccc(C(C)C)cc1,675,23.86002121,610.13,0.486649201
CC(C)c1ccccc1,631.0883571,31.93707399,430.369,0.325384398
CC(CC(C)(C)C)CC(C)(C)CC(C)(C)C,692.15,15.25000454,956.94,0.548213564
CC(CCl)CCl,624,37.0732,,
CC(CO)CO,708,53.76377974,,0.623423043
CC(Cl)(Cl)C(Cl)Cl,651,36.5704,,
CC(Cl)(Cl)CCl,613,39.6549,,
CC(Cl)(Cl)Cl,545.2,43.14632,280.9,0.217666667
CC(Cl)=C(Cl)Cl,590,40.0341,,
CC(Cl)=CCl,542,43.4335,,
CC(Cl)C(C)Cl,600,38.0264,,
CC(Cl)C(Cl)(Cl)Cl,648,36.3557,,
CC(Cl)C(Cl)Cl,630,40.8266,,
CC(Cl)C(F)(F)F,484,32.7171,,
CC(Cl)CCCl,618,38.8696,,
CC(Cl)CCl,577.075,45.15435987,277.272,0.250825832
CC(Cl)Cl,523.172,50.70478632,240.035,0.229631844
CC(F)(Cl)C(F)(F)Cl,498,33.4511,,
CC(F)(Cl)C(F)(F)F,431,31.4552,,
CC(F)(Cl)CCl,549,40.0926,,
CC(F)(Cl)Cl,477.6833333,42.48394444,252.3693961,0.221764008
CC(F)(F)C(F)(F)C(F)(F)F,418.1166667,26.53516667,346.5815598,
CC(F)(F)C(F)(F)F,380.799375,31.38608384,272.276,0.301509206
CC(F)(F)C(F)F,415.5,36.4857,246.91,
CC(F)(F)CC(F)(F)F,460.1083333,31.40772811,312.5,0.37499946
CC(F)(F)CF,442,37.408,,
CC(F)(F)Cl,410.2131556,40.6710462,227.7923891,0.231180669
CC(F)(F)F,346.0068727,37.58485702,194.6175862,0.261550185
CC(F)(F)OC(F)(F)C(F)F,501.08,30.898,,
CC(F)CCl,528,42.8305,,
CC(F)Cl,466,50.1304,,
CC(F)F,386.466125,45.15538679,179.8952978,0.275131153
CC(N)=O,761,65.7,215.01,0.419
CC(O)C(C)(C)C,,,375.11,
CC(O)C(C)O,636,47.3908,,
CC(O)C(Cl)(Cl)Cl,620,33.8942,,
CC(O)C(F)(F)F,497,43.1689,,
CC(O)CC(C)(C)O,678.15,34.3,,
CC(O)CCCl,603,41.0665,,
CC(O)CCO,677.05,42.82643333,304.99,0.704
CC(O)CCl,568,43.1956,,
CC(O)CN,623,52,,
CC(O)CNCC(C)O,672,36,,1.389
CC(O)CO,655.99,59.81312197,237.6766667,0.852116872
CC(O)COC(C)(C)C,600.7,27.25227272,,0.467245621
CC(O)c1ccccc1,699.3333333,38.20329671,399.04,0.440093375
CC/C=C/CC,509.8666667,32.945,351.055,
CC/C=C/CCC,538.6,,,
CC/C=C\C(=O)O,655.46,40.0838,,
CC/C=C\C/C=C\C/C=C\CCCCCCCC(=O)OC,772,13.69,1180.219521,1.14
CC/C=C\CC,512.45,32.89829701,350.5,0.284832642
CC1(C)CCCC1,547.03,34.325,363.2425,0.272
CC1(C)CCCCC1,591.088,29.50149102,443.22,0.233
CC1(C)CO1,499.95,43.73478261,,0.282329497
CC12CC3CC(C1)CC(C)(C3)C2,708,29.3,575.578,
CC1=CCC2CC1C2(C)C,644,29.72,453.965,
CC1=CCCC1,542,41.3,303.03,0.232
CC1=CC[C@@H]2[C@H](C1)C2(C)C,658,,,
CC1=CC[C@H]2C[C@@H]1C2(C)C,632,25.10121457,471.92,0.345823458
CC1CC(C)CC(C)C1,602.1333333,26,494.07,
CC1CC1,437,45.6142,,
CC1CCC(C(C)C)CC1,654.15,25.999995,525,
CC1CCC(C)(C)C1,567.0233333,28.28425185,417,
CC1CCC(C)C1,551,,,
CC1CCC(C)CC1,592.85,,,
CC1CCCC(C)C1,591,,,
CC1CCCC1,532.7676667,37.84770993,319.101,0.230029598
CC1CCCC1(C)C,580.64,29.4,417,
CC1CCCC1=O,630.9333333,,,
CC1CCCC1C,564.8,,,
CC1CCCCC1,572.1903333,34.76356319,368.2779144,0.235346169
CC1CCCCC1C,606,,,
CC1CCCO1,537.01875,37.53511712,271.998,0.29383277
CC1CCc2ccccc21,694.1,35.3,,
CC1CO1,484.3037,51.21548498,188.6960702,0.261069381
CC1COC(=O)O1,762.9,41.09304813,256.48,0.4225082
CC1C[C@@H](C)[C@@H](C)C1,579.15,28.8,,
CC1C[C@H](C)[C@@H](C)C1,571.15,28.1,,
CC1Cc2ccccc2C1,695.3,35.3,,
CC1OC(C)OC(C)O1,567.1,35,365.1,0.437
CC1[C@H](C)CC[C@H]1C,572.15,28.269675,416,
CC=C(C)C,467.1625,35.08387565,304.3277778,0.274799331
CC=C(C)CC,518,,,
CC=C(Cl)Cl,547,43.7142,,
CC=C(F)F,381,39.8054,,
CC=C=CC,497,38,294.9,0.218
CC=CC,435.6,,,
CC=CC(=O)OCC,599,,,
CC=CC(C)C,490,,,
CC=CCC,476,,,
CC=CCCC,518,,,
CC=O,463.9852222,58.8975,154.0085714,0.277
CCBr,503.8540909,62.33487778,214.8777778,0.25
CCC,369.8250714,42.46293072,200.256,0.151816064
CCC#CCC,544,35.4,334,0.219
CCC#N,562.9304545,44.33079475,225.512,0.327680497
CCC(=O)C(C)C,567,33.4,369,0.394
CCC(=O)C(F)(F)C(F)(F)F,475.54,26.41210994,356.51,0.429223631
CCC(=O)CC,561.2317,37.30154272,334.02375,0.343588829
CCC(=O)CC(C)CC,619,27,484.03,
CCC(=O)NC,685.15,,,
CCC(=O)O,602.323,45.48320513,229.8066667,0.562140328
CCC(=O)OC,530.6036364,40.13431119,283.01625,0.347797914
CCC(=O)OC(=O)CC,623,32.7,395.57,0.56
CCC(=O)OC(C)C,553,28.17,,
CCC(=O)OCC(C)C,589.7222222,26.45,461.89,
CCC(=O)OCCC(C)C,611.1342857,25.5,523.01,
CCC(=O)[O-],508.1,,,
CCC(Br)CBr,676,40.69837447,,0.263603498
CCC(C(C)C)C(C)(C)C,615.35,23.7,518,
CCC(C)(C(C)C)C(C)C,642.35,25.4,506,
CCC(C)(C)C,489.0290909,30.99299505,358.931223,0.232581194
CCC(C)(C)C(C)(C)C,607.5585,27.40776101,485.176,0.304839441
CCC(C)(C)C(C)(C)CC,646.75,25.7,506,
CCC(C)(C)C(C)C,573.5240909,28.19325625,454.8333333,0.28993251
CCC(C)(C)C(C)C(C)C,626.65,24.2,518,
CCC(C)(C)CC,536.3867,29.46051712,413.80625,0.267600912
CCC(C)(C)CC(C)(C)C,610.25,22.5,535,
CCC(C)(C)CCC(C)C,602.95,22.2,550,
CCC(C)(C)CO,,,375.97,
CCC(C)(C)Cl,509.1,32,396.98,
CCC(C)(C)O,544.3175,37.48752466,321.3433333,0.484871515
CCC(C)(C)OC,536.15,32.41137053,372.02,0.308034897
CCC(C)(C)S,570.125,,,
CCC(C)(CC)C(C)(C)C,646.05,25.7,503,
CCC(C)(CC)C(C)C,,,477.05,
CCC(C)(CC)CC,576.5193,28.04195418,456.1257143,0.304577001
CCC(C)(CC)CC(C)C,620.95,24.7,524,
CCC(C)(Cl)CC,528,,414.08,
CCC(C)(F)F,462,33.5286,,
CCC(C)(O)CC,575.6071429,35.1495935,375.94,0.445027767
CCC(C)=O,536.168,41.72267989,268.8611111,0.321943828
CCC(C)C,460.3946667,33.68433568,306.5397187,0.226105106
CCC(C)C(C)(C)C,563.4775,27.2945996,436.83625,0.296902874
CCC(C)C(C)(C)C(C)C,633.15,24.8,514,
CCC(C)C(C)(C)CC,,,484.015,
CCC(C)C(C)(CC)CC,624.55,24.2,511,
CCC(C)C(C)=O,572.2833333,33.2,371.06,0.386
CCC(C)C(C)C,537.3213636,29.06701075,393.52,0.294320555
CCC(C)C(C)C(C)(C)C,620.45,23.7,525,
CCC(C)C(C)C(C)C,,,494.035,
CCC(C)C(C)C(C)CC,612.85,22.4,547,
CCC(C)C(C)CC,568.8153,26.90625571,465.3925,0.338093981
CCC(C)C(C)CC(C)C,606.95,22.4,544,
CCC(C)C(C)O,,,373,
CCC(C)C(CC)C(C)C,616.15,23.4,522,
CCC(C)C(CC)CC,,,489.98,
CCC(C)C1CCCCC1,669.1,26.7249,530,
CCC(C)C=O,531.78,38.73531177,,0.498940738
CCC(C)CC,504.6375,31.28787723,366.6820209,0.271648303
CCC(C)CC(C)(C)C,574.05,24.05,509.0633333,
CCC(C)CC(C)(C)CC,609.5385,23.19393458,566.3633333,0.388231651
CCC(C)CC(C)C,553.2967,25.54519108,472.9625,0.344929162
CCC(C)CC(C)C(C)C,612.85,22.4,547,
CCC(C)CC(C)CC,584.6,24.5,510.98,
CCC(C)CC(CC)CC,606.705,22.28503256,541,
CCC(C)CC(O)CC,621.19,28,493.1,
CCC(C)CCC(C)(C)C,598.65,21.7,559,
CCC(C)CCC(C)C,,,521.96,
CCC(C)CCC(C)CC,608.975,22.2,565,
CCC(C)CCCC(C)C,603.15,21.5,576,
CCC(C)CCO,,,377.365,
CCC(C)CO,574.395,39.9116621,323.6566667,0.633052353
CCC(C)CS,591.925,,,
CCC(C)Cl,519.9388889,37.09643333,307.25,0.3
CCC(C)F,448,34.0568,,
CCC(C)N,513.27625,43.1875,278,
CCC(C)O,536.477,41.96575937,269.6357143,0.577732679
CCC(C)OC(C)=O,567.7133333,30.51310466,,0.2644011
CCC(C)OC=O,545,38.3,,
CCC(C)S,554,40.6,307.03,0.251
CCC(C)[N+](=O)[O-],615,36,,
CCC(C)c1ccccc1,659.94625,29.65952538,496.62,0.298878026
CCC(CC(C)C)C(C)C,603.55,22.4,537,
CCC(CC)(CC)C(C)C,639.95,25.3,501,
CCC(CC)(CC)CC,610.0666667,26.7375,473.0133333,0.338
CCC(CC)C(C)C,567.054,26.99733611,442.8175,0.329158614
CCC(CC)C(C)C(C)C,617.35,23.4,524,
CCC(CC)CC,540.617,28.9293244,415.33875,0.309897047
CCC(CC)CC(C)(C)C,594.65,22.2,539,
CCC(CC)CC(C)C,580.15,23.9937544,504.01,
CCC(CC)CCC(C)C,606.75,21.9,555,
CCC(CC)CO,418.85,,,
CCC(Cl)(Cl)Cl,589,38.7463,,
CCC(Cl)CCl,608,39.6122,,
CCC(Cl)Cl,559.32,42.73523014,291.97,0.26058479
CCC(F)(F)F,392.3333333,34.3862,249,0.301
CCC(F)Cl,497,40.9338,,
CCC(F)F,414,40.1084,,
CCC(O)C(C)C,576.0083333,34.67891892,378.6233333,0.48945499
CCC(O)CC,559.6014286,37,325.1775,
CCC(O)CO,680,50.60875342,303.0266667,0.642065153
CCC/C=C/CCC,566.3,,,
CCC1(C)CCCC1,592.05,29.9,,
CCC1(C)CCCCC1,612.15,26.95245,469,
CCC1CCCC(C)C1C,612.5,26.95245,469,
CCC1CCCC1,569.503,33.97905377,374.971,0.270458803
CCC1CCCCC1,608.575,31.1764483,436.8116667,0.262045429
CCC=C(C)C,515.125,32.81594687,350.2375,0.265754557
CCC=CCC,509.625,33.39428191,,0.355561411
CCC=O,504.5475,52.07548254,208.6714286,0.279137078
CCCBr,539.2,45.48550874,267.5055328,0.258922067
CCCC,425.1681333,37.89616686,255.1492663,0.199651126
CCCC#N,583.1882727,38.0719085,278.102,0.368236908
CCCC(=O)C(C)C,593.15,29,428.08,
CCCC(=O)CC,582.90125,33.2034188,377.844,0.37905484
CCCC(=O)CCC,602,29.6429777,434.212,0.418984366
CCCC(=O)O,621.4834091,41.72759519,291.27125,0.670398954
CCCC(=O)OC,554.1540909,34.84761798,340.57,0.377952984
CCCC(=O)OCC,569.0109091,30.51091208,415.8171429,0.433342525
CCCC(=O)OCC(C)C,611.13125,24.25,524.11,
CCCC(=O)OCC(C)CC,620,20.96,,
CCCC(=O)OCCC(C)C,618.9828571,23.3,,
CCCC(C(C)C)C(C)C,632.45,22.9,529,
CCCC(C)(C)C,520.5007,27.7501656,414.96375,0.286836486
CCCC(C)(C)C(C)(C)C,623.0385,25.10014102,555.0166667,0.363178493
CCCC(C)(C)C(C)C,,,490.96,
CCCC(C)(C)C(C)CC,620.95,23.7,524,
CCCC(C)(C)CC,562.0125,26.5191901,443.8,0.320190701
CCCC(C)(C)CC(C)C,600.35,22.2,541,
CCCC(C)(C)CCC,,,501,
CCCC(C)(C)O,559.50125,35.13333333,389.98,0.579
CCCC(C)(CC)C(C)C,626.85,24.2,516,
CCCC(C)(CC)CC,,,487.045,
CCCC(C)(CC)CCC,615.55,23.1,525,
CCCC(C)=O,561.18,37.10266193,304.3257143,0.344930496
CCCC(C)C,497.6454545,30.29585911,367.2593472,0.279065869
CCCC(C)C(C)(C)C,588.05,24.915,498.6333333,
CCCC(C)C(C)(C)CC,622.55,23.7,526,
CCCC(C)C(C)C,563.474,26.29391465,467.7025,0.346133873
CCCC(C)C(C)C(C)C,613.75,22.9,538,
CCCC(C)C(C)CC,591.927,24.61428249,503.0066667,
CCCC(C)C(C)CCC,612.25,22.4,546,
CCCC(C)C(CC)CC,615.55,22.8,533,
CCCC(C)C(O)CC,623.49,28,505.05,
CCCC(C)CC,535.2465,28.11650562,404.015,0.320666122
CCCC(C)CC(C)(C)C,594.55,21.7,552,
CCCC(C)CC(C)C,578,23.9,517.3533333,
CCCC(C)CC(C)CC,606.35,21.9,555,
CCCC(C)CCC,561.7272727,25.4137544,476.4655556,0.3708976
CCCC(C)CCC(C)C,603.15,21.5058209,569,
CCCC(C)CO,604.4,34.62721894,410,0.51
CCCC(C)O,560.3366667,37.6444007,331.184,0.560294636
CCCC(C)S,580,34,362.03,0.302
CCCC(CC)C(C)(C)C,611.75,23.1,526,
CCCC(CC)C(C)C,,,497.01,
CCCC(CC)C(C)CC,614.35,22.8,530,
CCCC(CC)CC,565.4736364,26.31417827,453.8911111,0.360853478
CCCC(CC)CC(C)C,601.85,21.9,545,
CCCC(CC)CCC,561.738,23.92480679,505,
CCCC(CCC)C(C)C,607.65,22.3,537,
CCCC(Cl)Cl,591,37.3284,,
CCCC(F)(F)F,435,30.6595,,
CCCC(O)CC,582.441,33.46859739,382.304,0.530177984
CCCC(O)CCC,602.592,31,439.9533333,
CCCC1CCCC1,605.71,29.9512,426.065,0.335
CCCC1CCCCC1,633.0777778,28.32653804,481.9642233,0.303967381
CCCC=O,534.0311111,42.94735521,260.82,0.31881008
CCCCBr,577.5,,,
CCCCC,469.7,33.68080534,310.852648,0.251345466
CCCCC#N,610.29,35.80446009,320,0.404173223
CCCCC(=O)C(C)C,614.95,27,487.09,
CCCCC(=O)CC,606.62,29.94781377,433.02,0.428291168
CCCCC(=O)CCC,623.8,27,497.265,
CCCCC(=O)CCCC,640.5833333,23.50773138,559.62,0.515662526
CCCCC(=O)O,641.02,36.7341036,338.8142857,0.672862675
CCCCC(=O)OC,574.754,31.95598151,410.3,0.358426747
CCCCC(=O)OCC,586.27,27.87176121,465.98,0.473014931
CCCCC(=O)OCCC,613,25.2,,
CCCCC(Br)CBr,708,31.49466192,,0.360214787
CCCCC(C)(C)C,549.833,25.29452757,478.435,0.337653008
CCCCC(C)(C)C(C)C,617.55,23.2,538,
CCCCC(C)(C)CC,588.1,24.8,515,
CCCCC(C)(C)CCC,606.95,22.1,548,
CCCCC(C)(CC)CC,620.15,23.1,532,
CCCCC(C)=O,587.0696667,33.1382952,375.7316667,0.391279232
CCCCC(C)C,530.336,27.35337944,420.8066667,0.328456789
CCCCC(C)C(C)(C)C,611.75,22.7,546,
CCCCC(C)C(C)C,588.8,23.9,515.9766667,
CCCCC(C)C(C)CC,614.15,22.4,551,
CCCCC(C)CC,563.6573,25.4560437,464.9025,0.370852077
CCCCC(C)CC(C)C,599.435,21.38687335,566,
CCCCC(C)CCC,587.65,23.406,523,
CCCCC(C)CCCC,609.7805,21.3737467,573,
CCCCC(C)O,584.9675,33.21779661,381.472,0.555977602
CCCCC(CC)C(=O)O,674.0333333,27.15398682,539.052,0.808828544
CCCCC(CC)C(C)C,610.95,22.3,544,
CCCCC(CC)CC,591,23.9937544,533.5,
CCCCC(CC)CCC,610.15,21.8,552,
CCCCC(CC)CO,640.417875,28.19233333,498.6466667,0.556
CCCCC(CC)COC(=O)c1ccccc1C(=O)OCC(CC)CCCC,858,,,
CCCCC(CC)COC(C)=O,642.3,20.03836048,643.92,0.581698709
CCCCC(O)CC,605.29425,,432.9,
CCCCC(O)CCC,625.09,,515.23,
CCCCC/C=C\C/C=C\CCCCCCCC(=O)OC,799,13.41,1237.011381,0.805
CCCCC1CCCC1,624.07,27.15,482.895,
CCCCC1CCCCC1,659.5916667,26.45234375,537.095,0.369572125
CCCCC=C(C)C,568.95,26,464.9,
CCCCC=O,563.07625,37.6733541,316.4083333,0.378990227
CCCCCC,507.6158333,30.29097096,371.596915,0.30077463
CCCCCC#N,629.885,33.23458333,,0.43450637
CCCCCC(=O)CC,627.7,27,497.265,
CCCCCC(=O)CCC,643.7,24,559.285,
CCCCCC(=O)CCCC,661,22,628.535,
CCCCCC(=O)CCCCC,678.3333333,20.54810595,693.24,0.593971055
CCCCCC(=O)O,661.103375,33.25751389,405.938,0.731887228
CCCCCC(=O)OC,612,28.8,,
CCCCCC(=O)OCC,615.2,,,
CCCCCC(Br)CBr,724,28.39215686,,0.408045445
CCCCCC(C)(C)C,577.0772222,23.4985998,529.95,0.389034261
CCCCCC(C)(C)CC,612.20555,22.2,557,
CCCCCC(C)=O,611.4457143,31.19029713,432.326,0.420552883
CCCCCC(C)C,559.6423636,24.88657503,483.4622222,0.378226667
CCCCCC(C)C(C)C,612.925,21.95,569.5,
CCCCCC(C)CC,590.15,23.406,529,
CCCCCC(C)N,598,29,454.96,
CCCCCC(C)O,608.6694286,30.20832838,440.114,0.553375446
CCCCCC(CC)CC,613.455,21.87818985,561,
CCCCCC(O)CC,628.4586,28,515.13,
CCCCCC(O)CCC,645.0866667,25,577.03,
CCCCCC(O)CCCC,663.18075,23,645.575,
CCCCCC1CCCC1,648.5,24.26,544.425,
CCCCCC1CCCCC1,667.85,22.04,584.45,
CCCCCC=O,591.5142857,34.50038986,374.7633333,0.388923739
CCCCCCC,540.2815385,27.40072507,430.2824549,0.348555262
CCCCCCC(=O)CC,648.0666667,24,559.285,
CCCCCCC(=O)CCC,662.9,22,632.53,
CCCCCCC(=O)CCCC,679.2666667,20,693.24,
CCCCCCC(=O)CCCCC,694.1333333,19,720.205,
CCCCCCC(=O)CCCCCC,708.1333333,17,831.605,
CCCCCCC(=O)O,678.2414,30.17100179,460.4025,0.749060726
CCCCCCC(=O)OC,628,26,521.1,
CCCCCCC(=O)OCC,634.2,23,586.85,
CCCCCCC(Br)CBr,739,25.79406632,,0.453827632
CCCCCCC(C)(C)C,602.3,21.7,580,
CCCCCCC(C)=O,632.7,26.515,497.1375,
CCCCCCC(C)C,584.6979091,23.05300713,544.025,0.448423221
CCCCCCC(C)CC,613.9,21.8,579,
CCCCCCC(C)CCC,632.85,19.3,645,
CCCCCCC(C)O,632.7828571,27.62598138,508.414,0.564070665
CCCCCCC(O)CC,647.9866667,25,577.03,
CCCCCCC(O)CCC,661.21925,23,644.125,
CCCCCCC1CCCC1,660.2625,21.46666667,599.295,
CCCCCCC1CCCCC1,693.6,22.6,676.13,
CCCCCCC=O,616.8385714,31.7048718,431.578,0.425518756
CCCCCCCC,568.8058333,24.88241657,490.5068292,0.397643704
CCCCCCCC#N,674.4,28.50042266,494.07,0.479516467
CCCCCCCC(=O)CC,667.7333333,22,628.535,
CCCCCCCC(=O)CCC,680.9333333,20,693.24,
CCCCCCCC(=O)CCCC,695.1333333,19,717.775,
CCCCCCCC(=O)CCCCC,709.15,,826.45,
CCCCCCCC(=O)CCCCCC,722.95,,903.34,
CCCCCCCC(=O)O,693.729,27.77368752,506.64,0.774838685
CCCCCCCC(=O)OC,646,23.4,,
CCCCCCCC(=O)OCC,654.1675,,657.03,
CCCCCCCC(C)=O,652.286,24.53011451,559.62,0.512861625
CCCCCCCC(C)C,610.55,20.97,596,
CCCCCCCC(C)O,649.4942857,25.29409857,574.958,0.59422991
CCCCCCCC(O)CC,666.0825,23,644.125,
CCCCCCCC/C=C\CCCCCCCC(=O)OC,782,12.46,1230.239282,0.906
CCCCCCCC1CCCC1,679.0125,19.4775,657,0.515
CCCCCCCC=O,638.8857143,29.70581395,485.354,0.463556324
CCCCCCCCC,594.5284615,22.90390874,549.6266188,0.444978572
CCCCCCCCC(=O)CC,684.7333333,20,693.24,
CCCCCCCCC(=O)CCC,696.7333333,19,714.81,
CCCCCCCCC(=O)CCCC,709.85,,826.45,
CCCCCCCCC(=O)O,711.2066667,24.29836,592.07,0.759727392
CCCCCCCCC(=O)OC,665,20.6,,
CCCCCCCCC(=O)OCC,667.745,20,714.8,
CCCCCCCCC(C)=O,671.8,22,625,
CCCCCCCCC(C)O,668.6233333,,645.16,
CCCCCCCCC1CCCC1,694.55,17.98,727,
CCCCCCCCC=O,658.4,24.49207317,538.7333333,0.507156459
CCCCCCCCCC,617.7333333,21.04919888,611.7195122,0.488978892
CCCCCCCCCC#N,621.95,32.5,,
CCCCCCCCCC(=O)CC,700.8,19,715.845,
CCCCCCCCCC(=O)CCC,711.8,,823.05,
CCCCCCCCCC(=O)O,723.053,21.747175,638.16,0.787193333
CCCCCCCCCC(=O)OC,675,19.3,,
CCCCCCCCCC(C)=O,687.8666667,21.19748823,693.24,0.597051171
CCCCCCCCCC(OC)OC,674,,,
CCCCCCCCCC1CCCC1,710.5833333,16.565,789,
CCCCCCCCCC=O,674.15,26.00514801,593.27,0.571275539
CCCCCCCCCCC,638.9258333,19.63188125,664.7124473,0.533658216
CCCCCCCCCCC(=O)CC,716.0666667,17,821.36,
CCCCCCCCCCC(=O)CCC,725.1,,900.09,
CCCCCCCCCCC(=O)O,728.815,20.7756499,740.74,0.89279003
CCCCCCCCCCC(=O)OC,694,17.5,,
CCCCCCCCCCC(C)=O,702.05,,748.7233333,
CCCCCCCCCCC1CCCC1,723.9166667,15.285,852,
CCCCCCCCCCC1CCCCC1,750.075,13.6,,
CCCCCCCCCCCC,658.1376923,18.18111111,742.1629699,0.572980744
CCCCCCCCCCCC(=O)CC,726.9,,894.9933333,
CCCCCCCCCCCC(=O)O,743.1075,18.99220043,786.78,0.879426069
CCCCCCCCCCCC(=O)OC,712.0928571,14.675,799.875,
CCCCCCCCCCCC(C)=O,717,18,819.67,
CCCCCCCCCCCCC,675.3408333,16.85931491,803.6233333,0.616177482
CCCCCCCCCCCCC(=O)O,754.01,17.4888,,
CCCCCCCCCCCCC(C)=O,727.85,,894.9933333,
CCCCCCCCCCCCC1CCCC1,749.95,13.13,979,
CCCCCCCCCCCCCC,692.95,15.56185644,857.5218182,0.633148594
CCCCCCCCCCCCCC(=O)O,763.5475,16.28353405,920.81,0.93930216
CCCCCCCCCCCCCC(=O)OC,730,13.2,,
CCCCCCCCCCCCCC1CCCC1,760.9833333,12.24,1043,
CCCCCCCCCCCCCCC,707.5833333,14.89509388,928.1944444,0.688504943
CCCCCCCCCCCCCCC(=O)O,776.6075,15.7367899,1002,0.928117993
CCCCCCCCCCCCCCC1CCCC1,771.8125,11.32666667,1107,0.789
CCCCCCCCCCCCCCCC,722.2115385,14.14420833,993.8511111,0.727975467
CCCCCCCCCCCCCCCC(=O)O,785.055,14.85991189,1059.32,0.970616222
CCCCCCCCCCCCCCCC(=O)OC,757.5,12.6,1114.827202,0.91
CCCCCCCCCCCCCCCC1CCCC1,780.1625,10.42333333,1120.83,0.833
CCCCCCCCCCCCCCCCC,735.3258333,13.3167671,1055.432222,0.766596666
CCCCCCCCCCCCCCCCC(=O)O,792.77,13.88047405,1129.94,1.004364805
CCCCCCCCCCCCCCCCC1CCCC1,791.075,9.7125,,0.861
CCCCCCCCCCCCCCCCCC,747.2976923,12.7425,1142.8,0.799371246
CCCCCCCCCCCCCCCCCC(=O)O,803.5225,13.186834,1251.56,1.026872146
CCCCCCCCCCCCCCCCCC(=O)OC,780,11.595,1258.970162,1.02
CCCCCCCCCCCCCCCCCCC,756.0045455,11.64101709,1166.538,0.843665991
CCCCCCCCCCCCCCCCCCCC,767.9754545,10.96379512,1242.164,0.894182176
CCCCCCCCCCCCCCCCCCCC(=O)O,820,12.00292826,1345.9,
CCCCCCCCCCCCCCCCCCCCC,777.8571429,10.20986755,1378.06,0.924453039
CCCCCCCCCCCCCCCCCCCCCC,785.69375,10.19883966,1426.281955,0.968303657
CCCCCCCCCCCCCCCCCCCCCC(=O)O,837,11.10039788,,
CCCCCCCCCCCCCCCCCCCCCCC,789.8928571,9.131511628,1528.36,1.050609993
CCCCCCCCCCCCCCCCCCCCCCCC,799.9,8.78426087,1592.395,1.055517328
CCCCCCCCCCCCCCCCCCCCCCCCC,812.45,8.46,1669,
CCCCCCCCCCCCCCCCCCCCCCCCCC,816,7.957443366,1738.065,1.13667714
CCCCCCCCCCCCCCCCCCCCCCCCCCC,843.1,,,
CCCCCCCCCCCCCCCCCCCCCCCCCCCC,824,7.643636364,1894.355,1.26760624
CCCCCCCCCCCCCCCCCCCCCCCCCCCCCC,843,6.242307693,2053.39,1.142667504
CCCCCCCCCCCCCCCCCCCCCCCCCCCCCCCC,847,5.88,2136,
CCCCCCCCCCCCCCCCCCCCCCCCCCCCCCCCCCCC,875.2,5.077837838,2389,1.420216403
CCCCCCCCCCCCCCCCCCCCCCCCCCCCCCCCCCCCCCCC,904,5.2,,
CCCCCCCCCCCCCCCCCCCCCCCCCCCCCCCCCCCCCCCCCCCC,919,4.8,,
CCCCCCCCCCCCCCCCCCCCCCCCCCCCCCCCCCCCCCCCCCCCCCCCCCCCCCCCCCCC,974,3.6,,
CCCCCCCCCCCCCCCCCCCCCCO,827,10.7,,
CCCCCCCCCCCCCCCCCCCCO,795.3833333,11.58095238,1129.94,0.974694135
CCCCCCCCCCCCCCCCCCO,775.7166667,13.24731183,,0.841637508
CCCCCCCCCCCCCCCCCO,758,13.96673252,960,
CCCCCCCCCCCCCCCCO,770,14.73243243,,0.782516056
CCCCCCCCCCCCCCCCc1ccccc1,808.15,12.9,1200,
CCCCCCCCCCCCCCCO,757,16.00211417,,0.838631998
CCCCCCCCCCCCCCCc1ccccc1,800.05,13.5,1140,
CCCCCCCCCCCCCCO,743,17.1952381,,0.76700389
CCCCCCCCCCCCCCc1ccccc1,792.15,14.2,1110,
CCCCCCCCCCCCCO,732,17.94865526,827.81,
CCCCCCCCCCCCCc1ccccc1,788.1,14.86335917,1066,0.798602876
CCCCCCCCCCCCO,709.29875,20.06459502,739.7575,0.681399423
CCCCCCCCCCCCS,733.8,18.10802469,,0.623423043
CCCCCCCCCCCCc1ccccc1,773.425,15.325,1000.5,
CCCCCCCCCCCO,703.38,21.66234395,715.6275,0.636518628
CCCCCCCCCCCOC(=O)c1ccccc1C(=O)OCCCCCCCCCCC,886,8.86,,
CCCCCCCCCCCc1ccccc1,763.05,16.31288557,922.46,0.735414136
CCCCCCCCCCO,687.30625,23.0230911,620.67,0.61419982
CCCCCCCCCCOC(=O)c1ccccc1C(=O)OCCCCCCCCCC,870,9.39762419,1808.32,
CCCCCCCCCCOCCCCCCCCCC,768,10.31129033,,
CCCCCCCCCCc1ccccc1,751.725,17.20256881,874.365,0.679853714
CCCCCCCCCO,671.55,25.33196226,557.8166667,0.596688959
CCCCCCCCCOC(=O)c1ccccc1C(=O)OCCCCCCCCC,834.5,10.46341463,,
CCCCCCCCCO[Si](OCCCCCCCCC)(OCCCCCCCCC)OCCCCCCCCC,830,6.098457017,,
CCCCCCCCCc1ccccc1,740.3166667,18.835,794.9633333,0.638
CCCCCCCCCl,643,,,
CCCCCCCCN,641,27.18084358,506.1,0.462306806
CCCCCCCCNCCCCCCCC,734,12.6,1092.75,0.819
CCCCCCCCO,652.3625,28.18168646,492.2433333,0.588575896
CCCCCCCCOC(=O)c1ccccc1C(=O)OCCCCCCCC,838.6333333,10.8915276,1510.57,
CCCCCCCCOC=O,654,,,
CCCCCCCCOCCCCCCCC,723,11.89572369,,0.659555885
CCCCCCCCS,667,,504.54,
CCCCCCCCSCC,700,24,591.72,0.538
CCCCCCCCSCCCCCCCC,780,18,1118.57,
CCCCCCCCc1ccccc1,725.9,19.94825613,743.635,0.588380294
CCCCCCCCl,614,31,491.88,
CCCCCCCO,632.3555556,30.95833607,434.41,0.573623673
CCCCCCCOC(=O)c1ccccc1C(=O)OCCCCCCC,835,12.36959762,,
CCCCCCCO[Si](OCCCCCCC)(OCCCCCCC)OCCCCCCC,778,7.402473834,,
CCCCCCCc1ccccc1,708.825,21.4051004,678.405,0.53165267
CCCCCCCl,596.8125,33,421.94,
CCCCCCN,592.3,,,
CCCCCCNC,592,28,458.09,
CCCCCCO,610.8849,35.01336465,382.91,0.572229888
CCCCCCOC(=O)c1ccccc1,748,19.7941799,,
CCCCCCOC(=O)c1ccccc1C(=O)OCCCCCC,821.3333333,13.25206612,1060.45,
CCCCCCOC(C)=O,618.4,,,
CCCCCCOC=O,614,,,
CCCCCCOCCCCCC,659.0375,16.94264646,719.97,0.590086003
CCCCCCc1ccccc1,693.45,24.62004551,603.21,0.496209317
CCCCCCl,566.5833333,33.25,356.435,0.318
CCCCCO,587.6644444,38.979225,326.7525,0.582679215
CCCCCOC,546.4957143,30.41599109,385.422,0.344725449
CCCCCOC(=O)CCC(=O)OCCCCC,811,17.63043478,,
CCCCCOC(=O)c1ccccc1,736,21.90238095,,
CCCCCOC(=O)c1ccccc1C(=O)OCCCCC,817,,,
CCCCCOC(C)=O,600.75,27.68749071,469.26,0.456553574
CCCCCOC=O,575.96875,32.87396825,425.4733333,0.515599159
CCCCCS,597.7,,,
CCCCCc1ccccc1,677.75,26.0358397,550.3833333,0.440848749
CCCCCl,540.8071429,38.615,304.87,0.226
CCCCF,466,38.1178,,
CCCCN,529.0675455,41.60157085,291.4875,0.341680989
CCCCN(CCCC)CCCC,641.4833333,18.217,,
CCCCNC(C)C,563.65,,,
CCCCNCC,547.1,,,
CCCCNCCCC,603.2622222,28.35560963,521.99,0.548408492
CCCCNc1ccccc1,721,28.364,517.87,
CCCCO,562.7309091,44.06961814,275.0814286,0.592027714
CCCCOB(OCCCC)OCCCC,745.15,19.9,863,
CCCCOC,512.3538571,33.56287927,331.73,0.319465717
CCCCOC(=O)CC,594.46,26.995,464.04,
CCCCOC(=O)CCC,611.8375,24,521.8023112,
CCCCOC(=O)c1ccccc1,723.83,25.22137291,571.89,0.552891868
CCCCOC(=O)c1ccccc1C(=O)OCCCC,797,16,954.2,
CCCCOC(C)=O,577.2345455,31.12532197,400.962,0.43071
CCCCOC=O,563.6666667,35.9,,
CCCCOCC,531.0125,30.395,390.01,0.4
CCCCOCC(C)O,624.95,27.20394737,478.93,0.515700161
CCCCOCCCC,583.32625,26.02238712,507.0333333,0.466486817
CCCCOCCO,633.925,32.78994819,423.788,0.524059328
CCCCOCCOC(C)=O,640.7,25.97777426,549.64,0.634512015
CCCCOCCOCCO,692.24,27.925,545.85,0.655
CCCCOCCOCCOC(C)=O,688.3333333,21.2962963,626.96,0.782516056
CCCCO[Si](OCCCC)(OCCCC)OCCCC,682,11,,
CCCCS,570.025,39.74224053,318.5833333,0.272229372
CCCCSCCCC,651.575,24.8,,
CCCC[C@@H](C)O,581.8,32.56,377.37,
CCCC[C@H](C)O,,,377.365,
CCCC[N+](=O)[O-],624,,,
CCCCc1ccccc1,660.5027273,28.89468143,497.1877778,0.393514992
CCCCl,503.1656667,45.74725916,253.9933333,0.22701607
CCCF,419,44.5038,,
CCCI,596.15,,,
CCCN,497.2197273,47.47182233,245.855,0.278167042
CCCN(CCC)CCC,610.155,21.68,,
CCCNC,550,,,
CCCNCCC,552.901,33.51149525,407.26,0.450938577
CCCO,536.7939167,51.49665887,219.23875,0.619898954
CCCOC,476.2645,37.97061103,276.912,0.273248105
CCCOC(=O)C(C)C,585.7388889,26.53,462.96,
CCCOC(=O)CC,572.791,30.62861771,395.78,0.447674375
CCCOC(=O)CC(C)C,609.03,24.9,523.01,
CCCOC(=O)CCC,595.6261429,27.26287879,462.96,0.434569045
CCCOC(=O)c1ccccc1,710,26.099631,529.94,0.482804102
CCCOC(=O)c1ccccc1C(=O)OCCC,784,18.99152543,816.33,
CCCOC(C)=O,549.6064545,33.60501259,345.8188889,0.389900932
CCCOC=O,537.6241667,40.63443289,284.7955556,0.315384398
CCCOCC,500.3020909,33.27130018,328.5422222,0.350429271
CCCOCC(C)O,605.05,30.75718608,417.01,0.477555766
CCCOCCC,530.6455556,30.14604997,391.585,0.369522214
CCCOCCO,615.025,36.50309383,363.905,0.480600101
CCCOCCOCCO,680.689,30.24659007,500.05,0.610833916
CCCO[Si](OCCC)(OCCC)OCCC,649,13.69198312,,
CCCS,536.3928571,46.26831196,275.4966667,0.228741517
CCCSC,574.125,,,
CCC[C@@H](C)CC,540.6,28.9,416,0.309
CCC[C@H](O)CC,,,377.37,
CCC[N+](=O)[O-],640.575,40.4,,
CCCc1ccc(O)cc1,715,36,,
CCCc1cccc(C)c1,666.6,29,,
CCCc1ccccc1,638.3685714,31.99846097,440,0.34415961
CCCc1ccccc1O,705,38.5,,
CCCl,460.3498333,52.80698817,193.71625,0.193352356
CCF,375.2873077,50.22876104,164.7338345,0.219093219
CCI,554.075,,,
CCN,456.2718182,56.19233524,188.9371429,0.284335709
CCN(C)C,500,36.63,290.01,0.097
CCN(C=O)CC,660,50,,
CCN(CC)CC,535.304,30.401125,390.2088889,0.3172
CCN(CC)c1ccccc1,698.5,30.25,556.79,0.426
CCNC,482.2166667,42.1,237.6733333,0.319
CCNC(C)C,508,,,
CCNCC,497.4063636,37.41056166,301.3688889,0.298409791
CCNc1ccccc1,698.74,35.36,,
CCO,514.26,61.83895,167.320508,0.6445
CCOC,437.9472727,44.12477382,219.06125,0.230117431
CCOC(=O)C(=O)OCC,622.6666667,26.57296399,452.694,0.649751982
CCOC(=O)C(C)(C)C,565.75,29.25031513,461.04,0.413412695
CCOC(=O)C(C)C,555.165,30.55936472,418.654,0.427666667
CCOC(=O)C(F)(F)C(F)(F)C(F)(F)C(F)(F)C(F)(F)C(F)F,575.6,12.7,754.15,
CCOC(=O)CC,546.1727273,33.66415703,345.3933333,0.390158651
CCOC(=O)CC(=O)OCC,652,26.7,,
CCOC(=O)CC(C)=O,673.15,,,
CCOC(=O)CC(C)C,586.1288889,26.38,462.96,
CCOC(=O)CCC(=O)OCC,663.1666667,22.59699659,567.535,
CCOC(=O)CCCC(=O)OCC,683,21.1,,
CCOC(=O)CCCCC(=O)OCC,696,20.5,,
CCOC(=O)Cl,508.15,42.6,,
CCOC(=O)c1ccccc1,697.8583333,31.81594535,470.075,0.466156522
CCOC(=O)c1ccccc1C(=O)OCC,776,22.38571429,,0.619788758
CCOC(C)(C)C,509.2666667,29.89473684,394.01,0.327902142
CCOC(C)(C)CC,546,26.685,450.7033333,
CCOC(C)(C)OCC,510.7,,,
CCOC(C)=O,523.3345455,38.69821138,286.6511111,0.363954051
CCOC(C)C,489.8833333,34.1,328.95,0.306
CCOC(C)Cl,484.4,32.9756,,
CCOC(C)OCC,535.2285714,32.20802867,426.08,0.481480442
CCOC(Cl)CCl,619,36.1225,,
CCOC(F)(F)C(F)(F)C(F)(F)C(F)(F)F,482.02,19.74682507,,0.463946845
CCOC(F)(F)C(F)(F)F,431.2116667,25.3152548,,0.387216143
CCOC(F)(F)C(F)F,479,28.4204,,
CCOC=O,508.5363636,47.51439304,229.47625,0.280235206
CCOCC,466.7194167,36.49211785,280.2859596,0.282678214
CCOCCC(=O)OCC,620.69,26.68475332,463.205,0.498563149
CCOCCCl,555.9,37.8397,,
CCOCCO,599,43.4628,,
CCOCCOC(C)(C)C,584.8,,,
CCOCCOC(C)=O,608.4167143,31.58680299,446.89,0.55022722
CCOCCOCC,542,,431.97,
CCOCCOCCO,670,32.4461139,426.99,0.539102157
CCOCCOCCOC(C)=O,667.6666667,25.75114836,524.11,0.607303047
CCOCCOCCOCC,612,24,586.85,
CCOCCl,530,43.9797,,
CCOCN,630,,259.01,
CCOCOCC,531.85,34,369.96,
CCO[Si](OCC)(OCC)OCC,587,20.45296167,,0.692503962
CCOc1ccccc1,647.078125,34.30282173,407,0.418840197
CCOc1ccccc1N,731,50,,
CCS,498.9584545,54.96166022,207.0522222,0.189131505
CCSC,535.015,43.04398941,257.005,0.210121662
CCSC(C)=O,590.54,40.80113872,319.1125,0.31
CCSCC,557.173,39.71469397,318.5355556,0.292261577
CCSSCC,642.0083333,36.14,,
CC[Al](CC)CC,678.15,37.71,,
CC[C@@H](C)O,538.22,42.19,272.395,0.593
CC[C@@H]1CCCC[C@H]1C,612.15,26.95245,469,
CC[C@H](C)O,538.22,42.19,272.395,0.593
CC[C@H]1CCC[C@@H](C)C1,612.15,26.95245,469,
CC[N+](=O)[O-],557.15,37.5,,
CC[Si](CC)(CC)CC,605.25,23.83555342,587,0.388276692
CC[Si](CC)(CC)O[Si](CC)(CC)CC,692.95,,,
CC[Si](Cl)(Cl)CC,595.71,30.61202467,,0.328549446
CC[Si](Cl)(Cl)Cl,559.91,33.32797619,,0.27572413
CCc1c(C)cccc1C,665.1,29.3,,
CCc1cc(C)cc(C)c1,649.1,28,,
CCc1cc(C)ccc1C,662.6,29,,
CCc1cc(CC)cc(CC)c1,679,23.81948357,624.3233333,0.518557371
CCc1ccc(C)c(C)c1,662.6,29,,
CCc1ccc(C)cc1,640.06,31.86148148,456.5075,0.366440416
CCc1ccc(C)cc1C,662.6,29,,
CCc1ccc(CC)cc1,657.9034545,27.66838743,483.6425,0.384907329
CCc1ccc(N)cc1,715,38.5,,
CCc1ccc(O)cc1,716.4277778,40.975,,
CCc1ccc([N+](=O)[O-])cc1,740,30,,
CCc1ccc2ccccc2c1,771.0125,30.63786765,520.915,0.419468319
CCc1cccc(C)c1,638.69,29.39,490,
CCc1cccc(C)c1C,665.1,29.3,,
CCc1cccc(CC)c1,663.6,29.3,,
CCc1cccc(O)c1,717.11,40.67333333,392.93,
CCc1cccc2ccccc12,775.45,32.3,520.83,0.407
CCc1ccccc1,617.2107692,36.19715165,373.2808224,0.303352697
CCc1ccccc1C,651.1416667,30.6475,459.9933333,0.294
CCc1ccccc1CC,669.6,29.9,,
CCc1ccccc1O,703,39.535,388.05,
CCc1ccccc1[N+](=O)[O-],720,33.5,,
CCl,416.2467583,66.81169857,140.4800224,0.153315257
CF,317.1041538,58.54144491,112.5976882,0.196312434
CI,528.05,65.8725,190.005,0.172
CN,430.3066364,75.22303717,145.348,0.281313773
CN(C)C,433.1133636,40.85713206,253.96,0.207302568
CN(C)C(=C(N(C)C)N(C)C)N(C)C,680,,646.21,
CN(C)C=O,649.65625,49.09342605,261.925,0.319029001
CN(C)N,523.075,54.3,230,
CN(C)c1ccccc1,687.32875,36.29092003,445.3833333,0.400738991
CN(CCO)CCO,741.95,41.83988764,404.04,0.605548319
CN1CCCC1,548.6,40,301.93,
CN1CCCC1=O,721.7066667,45.18708543,314.314,0.373905968
CN1CCNCC1,629.7,,,
CN=C=O,491.05,55.7075,,0.278
CNC,437.2915455,53.70115127,183.7283333,0.296784072
CNC(C)=O,704.075,50,267.02,0.437
CNC(C)C,490.725,,,
CNCCO,630,53,259.07,
CNN,567.0833333,80.35,271,
CNc1ccccc1,701.47,51.98296667,366.5975,0.476
CO,512.7426364,81.12854989,116.8035238,0.56224197
COC,400.1301818,53.382209,173.6200187,0.195537713
COC(=O)C(=O)OC,629.3583333,39.9647441,314.96,0.54456619
COC(=O)C(C)C,540.9563,34.31663912,339.2371429,0.363202644
COC(=O)C(F)(F)C(F)(F)C(F)(F)C(F)F,559,23.2,502.01,
COC(=O)CC(=O)OC,646.5,35.53574561,377.5,0.560667306
COC(=O)CC(C)C,567,32.2,,
COC(=O)CCC(=O)OC,662,34.82984293,426.08,0.602059991
COC(=O)CCCC(=O)OC,682,27.82540984,,0.543633967
COC(=O)CCCCC(=O)OC,692,24.94604317,,0.585026652
COC(=O)CCCCCC(=O)OC,711,23.86013514,,
COC(=O)CCCCCCC(=O)OC,723,23.01273886,,
COC(=O)CCCCCCCCC(=O)OC,742,20.82134832,,0.785156152
COC(=O)OC,557,48.36266667,253.01,0.346
COC(=O)c1cccc(C(=O)OC)c1,766,26.5,567.86,
COC(=O)c1ccccc1,698.8666667,37.16095667,419.055,0.410951876
COC(=O)c1ccccc1C(=O)OC,772,27.49279887,557.1,0.586700236
COC(=O)c1ccccc1O,709.0214286,39.74,423.045,0.581
COC(C(F)(F)F)(C(F)(F)F)C(F)(F)F,462.7,23.65541922,,0.408935393
COC(C(F)(F)F)C(F)(F)F,459.61,26.9914,,
COC(C)(C)C,496.9338571,34.17792582,331.98,0.265300043
COC(C)(C)OC,509.9,,,
COC(C)=O,506.66,47.44311501,228.1633333,0.328509667
COC(C)C,464.466375,37.79979456,281.52,0.269560291
COC(C)OC,506,37.1964,,
COC(Cl)CCl,607,42.69,,
COC(Cl)Cl,560,47.8605,,
COC(F)(C(F)(F)F)C(F)(F)F,433.289,25.45509259,,0.388914267
COC(F)(F)C(F)(F)C(F)(F)F,437.7018333,24.77933891,378.7878788,0.403280973
COC(F)(F)C(F)(F)C(F)F,486.98,29.09157544,,0.459670525
COC(F)(F)C(F)(F)F,406.8189167,28.8649221,300.5056805,0.353996197
COC(F)(F)C(F)C(F)(F)F,471,24.6016,,
COC(F)(F)C(F)Cl,503,35.7533,,
COC(F)(F)C(F)F,450,29.807,,
COC(F)(F)CF,471,37.4788,,
COC(F)(F)F,377.9358571,36.28828983,219.9035972,0.283486248
COC(F)F,408,36.0555,,
COC=O,487.735,60.06665861,172.1055556,0.254496137
COCC(C)C,497,34.1,331.02,0.31
COCC(C)O,579.8,41.12014185,304.04,0.440931666
COCC(C)OC,543,,,
COCC(C)OC(C)=O,597.9,30.51568586,431.97,0.486980246
COCC(Cl)Cl,579,40.4744,,
COCC(F)(F)C(F)(F)C(F)(F)C(F)F,546.1,23.92028033,,0.517126416
COCC(F)(F)C(F)(F)C(F)(F)F,481.54,23.81503462,,0.468521083
COCC(F)(F)C(F)(F)F,467,27.4897,,
COCC(F)(F)C(F)F,505.35,32.77572418,,0.418733195
COCC(F)(F)F,448.994,35.1232777,,
COCC(F)F,485,38.6692,,
COCCCl,539,44.6917,,
COCCO,594.375,50.72859907,259.225,0.451487744
COCCOC,537.185,38.87649638,280.94,0.344789506
COCCOC(C)(C)C,574.2,,,
COCCOC(C)=O,603,,,
COCCOCCO,672,36.80710383,377.93,0.527243551
COCCOCCOC,617,,,
COCCl,523.3,54.8789,,
COCF,433,54.5516,,
COCOC,487.8277778,40.24786141,222.24,0.288666667
COc1cc(C)ccc1C,677.3,,,
COc1ccc(C)cc1,666.7,,,
COc1ccc(C)cc1C,682,,,
COc1cccc(C)c1,665.3,,,
COc1ccccc1,645.48125,42.2987436,342.4894431,0.34827095
COc1ccccc1C,662,,,
COc1ccccc1N,728,58.5,,
CS,469.9472727,72.30048513,145.3322222,0.15582779
CS(C)=O,707,,,
CSC,502.997,55.15030525,201.2425,0.193757805
CSC(C)(C)C,569.825,,,
CSC(C)C,549.525,,,
CSSC,610.325,51.53231412,266.03,0.230622674
CSc1ccccc1,705.95,41.11623832,373.97,0.344861565
C[C@@H]1CCCC[C@@H]1C,606.1166667,29.386,459.995,0.232
C[C@@H]1CCCC[C@H]1C,596.14,29.461,459.995,0.238
C[C@@H]1CCC[C@@H](C)C1,598.075,29.47372755,459.99,
C[C@@H]1CCC[C@@H]1C,565.05,34.43333333,369.32,0.266
C[C@@H]1CCC[C@H](C)C1,590.24,29.48091611,445.59,0.264857368
C[C@@H]1CCC[C@H]1C,552.45,34.43775,360.4925,0.27
C[C@@H]1CC[C@@H](C)C1,553,34,373,
C[C@@H]1CC[C@H](C)C1,557.9916667,34.3,364.0675,0.274
C[C@@H]1C[C@@H](C)[C@@H](C)C1,579.81,28.7787157,416,
C[C@@H]1[C@H](C)CCC[C@@H]1C,612.15,26.95245,469,
C[C@H]1CCC[C@H](C)C1,598.05,29.5,460,0.234
C[C@H]1CC[C@@H](C)CC1,599.78,29.93102564,463.7666667,0.225483034
C[C@H]1CC[C@H](C)C1,553,,363.3,
C[C@H]1CC[C@H](C)CC1,588.8415,29.48248503,453,0.255
C[C@H]1C[C@H](C)C[C@@H](C)C1,602.2,22.51,,
C[N+](=O)[O-],588.07,60.14412682,173.36875,0.334714421
C[O-].C[O-].C[O-].C[O-].[Si+4],558,28.46938776,,0.48148606
C[Si@]1(c2ccccc2)O[Si@@](C)(c2ccccc2)O[Si@@](C)(c2ccccc2)O1,824,13.39837398,,
C[Si@]1(c2ccccc2)O[Si@](C)(c2ccccc2)O[Si@@](C)(c2ccccc2)O1,839,12.90769231,,
C[SiH3],352.5,48.4,,
C[SiH](O[Si](C)(C)C)O[Si](C)(C)C,553.36,14.79967906,,0.524910197
C[Si](C)(C)C,449.3133333,28.18241206,362,0.232544054
C[Si](C)(C)C[Si](C)(C)C,573.86,19.89805825,,
C[Si](C)(C)Cl,497.77,32.00922351,366,0.270053298
C[Si](C)(C)O[Si](C)(C)C,518.7033333,19.41217219,604.9606776,0.419732701
C[Si](C)(C)O[Si](C)(C)O[Si](C)(C)C,564.6303,14.224745,874.9171076,0.527578851
C[Si](C)(C)O[Si](C)(C)O[Si](C)(C)O[Si](C)(C)C,599.4,11.855,1157.203703,0.6515
C[Si](C)(C)O[Si](C)(C)O[Si](C)(C)O[Si](C)(C)O[Si](C)(C)C,628.66,9.5306,1468.785715,0.7225
C[Si](C)(C)O[Si](C)(C)O[Si](C)(C)O[Si](C)(C)O[Si](C)(C)O[Si](C)(C)C,653.2,8.58685,1781.192983,0.8155
C[Si](C)(C)O[Si](C)(C)O[Si](C)(C)O[Si](C)(C)O[Si](C)(C)O[Si](C)(C)O[Si](C)(C)C,,,2133,
C[Si](C)(C)O[Si](C)(C)O[Si](C)(C)O[Si](C)(C)O[Si](C)(C)O[Si](C)(C)O[Si](C)(C)O[Si](C)(C)C,688.9,6.24,2466,0.984
C[Si](C)(C)O[Si](C)(O[Si](C)(C)C)O[Si](C)(C)C,597.36,13.01437908,,0.667965723
C[Si](C)(C)O[Si](O[Si](C)(C)C)(O[Si](C)(C)C)O[Si](C)(C)C,622.56,10.82713043,,0.721017883
C[Si](C)(Cl)Cl,520.33,34.85167224,358,0.268972424
C[Si](C)(O[Si](C)(C)c1ccccc1)c1ccccc1,750,17.28110599,,
C[Si](Cl)(Cl)Cl,517,35.3,340,0.263
C[Si](O[Si](C)(c1ccccc1)c1ccccc1)(c1ccccc1)c1ccccc1,893,13.80216383,,
C[Si]1(C)O[Si](C)(C)O[Si](C)(C)O[Si](C)(C)O1,586.2425,13.374373,966.2575903,0.585676903
C[Si]1(C)O[Si](C)(C)O[Si](C)(C)O[Si](C)(C)O[Si](C)(C)O1,618.27,10.94111111,1217.756098,0.628786498
C[Si]1(C)O[Si](C)(C)O[Si](C)(C)O[Si](C)(C)O[Si](C)(C)O[Si](C)(C)O1,645.78,9.61,1594.151346,0.736
C[Si]1(C)O[Si](C)(C)O[Si](C)(C)O[Si](C)(C)O[Si](C)(C)O[Si](C)(C)O[Si](C)(C)O1,683.25,,,
Cc1c(C)c(C)c(C)c(C)c1C,759.81,27.7,596.21,0.496
Cc1c(F)c(F)c(F)c(F)c1F,559.8025,31.3,384.2633333,
Cc1c(F)cccc1F,581.8,,,
Cc1c([N+](=O)[O-])cccc1[N+](=O)[O-],780,24,,
Cc1cc(C(C)(C)C)cc(C(C)(C)C)c1,695.5,,,
Cc1cc(C)c(C)c(C)c1,679,29.7,481,
Cc1cc(C)c(C)c(C)c1C,719.125,28.48,537.06,
Cc1cc(C)c(C)cc1C,675.7416667,29.0643125,483.3333333,0.425266092
Cc1cc(C)c(N)cc1C,725,,,
Cc1cc(C)c2ccccc2c1,772,27.43665481,,0.416801226
Cc1cc(C)cc(C)c1,637.5491667,31.35697308,432.81125,0.396351398
Cc1cc(C)cc(O)c1,718.18,37.82666667,610.5,
Cc1cc(C)nc(C)c1,653.05,,,
Cc1cc(F)ccc1F,587.8,,,
Cc1cc([N+](=O)[O-])cc([N+](=O)[O-])c1,800,21.5,,
Cc1ccc(C#N)cc1,722.3,35.5,,
Cc1ccc(C(=O)O)cc1,775,38,,
Cc1ccc(C(C)C)c(O)c1,698.125,,527.98,
Cc1ccc(C(C)C)cc1,652.4533,28.09684096,495.8483333,0.376092231
Cc1ccc(C)c(C)c1,649.1292308,32.35609959,430.4925,0.378991984
Cc1ccc(C)c(C)c1C,693,31.1,474.38,
Cc1ccc(C)c(C)n1,654.55,,,
Cc1ccc(C)c(O)c1,707.7425,46.03333333,445.66,
Cc1ccc(C)c2ccccc12,778,27.89265233,,0.397940009
Cc1ccc(C)cc1,616.2941429,35.18194272,377.333856,0.322446224
Cc1ccc(C)nc1,644.186875,39.29444427,371.06,0.385102784
Cc1ccc(C=O)cc1,712,38,,
Cc1ccc(Cl)cc1,615.93,,376.93,
Cc1ccc(F)c(F)c1,598.5,,,
Cc1ccc(F)cc1,590.8125,38.80416116,332.01,0.303643611
Cc1ccc(F)cc1F,581.4,,,
Cc1ccc(N(C)C)c(N)c1,695,37.5,,
Cc1ccc(N)c(C)c1,714,40,,
Cc1ccc(N)cc1,678.4,36.53333333,334,0.443
Cc1ccc(N)cc1N,818,46,,
Cc1ccc(O)c(C)c1,707.65,43.19,469.3166667,
Cc1ccc(O)cc1,704.3715,49.05541724,287.23,0.492285656
Cc1ccc(O)cc1C,731.855,47.08666667,466.6833333,
Cc1ccc([N+](=O)[O-])cc1,739.025,32.07,440.92,0.42
Cc1ccc([N+](=O)[O-])cc1[N+](=O)[O-],815,21.5,,
Cc1ccc2c(C)cccc2c1,766,31,,
Cc1ccc2c(c1)CCC2,711.2,35.3,,
Cc1ccc2ccc(C)cc2c1,775,31.37740848,557.765,0.420216403
Cc1ccc2ccccc2c1,761.4439091,34.39635933,463.1525,0.369150829
Cc1ccc2ccccc2n1,778,39.72634855,447.03,0.380906669
Cc1ccc2nc(C)ccc2c1,786,33.2386979,505.05,0.440093375
Cc1cccc(C#N)c1,710,37.5,,
Cc1cccc(C(=O)O)c1,771,38.5,,
Cc1cccc(C(C)C)c1,666.1166667,29.39272715,478,
Cc1cccc(C)c1,617.1457143,35.36954861,375.3687101,0.326309078
Cc1cccc(C)c1C,664.5102083,34.34822221,423.286,0.366983932
Cc1cccc(C)c1N,722,42,,
Cc1cccc(C)c1O,701.0611111,41.92333333,514.5,
Cc1cccc(C)n1,623.789375,37.5301676,334.49,0.363512104
Cc1cccc(Cl)c1,660.75,39.54,364.83,0.307
Cc1cccc(F)c1,591.8,39,332.01,
Cc1cccc(N)c1,708.7357143,42.67666,344.51,0.435
Cc1cccc(O)c1,705.7408333,45.32147847,314.3375,0.4483395
Cc1cccc(O)c1C,722.8777778,45.005,445.66,
Cc1cccc([N+](=O)[O-])c1,729.525,38,440.92,0.495
Cc1cccc2c1CCC2,716.4,35.3,,
Cc1cccc2cccc(C)c12,792,31,517.03,0.395
Cc1cccc2ccccc12,771.785,36.05990323,462.87,0.343438415
Cc1cccc2cccnc12,787,42.94982437,433.84,0.36251027
Cc1ccccc1,591.88,41.20874454,315.7006958,0.264180114
Cc1ccccc1C,630.3677857,37.35535289,370.5457373,0.31095274
Cc1ccccc1C#N,716.075,39.5,,
Cc1ccccc1C(=O)O,763,39.2,,
Cc1ccccc1C(C)C,667.3833333,29.15,489,
Cc1ccccc1F,591.2,39,323,
Cc1ccccc1N,705.30625,39.77686667,351.632,0.411
Cc1ccccc1N(C)C,668.005,31.2009679,465.98,0.388276692
Cc1ccccc1O,697.2975,48.32996897,288.7975,0.423586427
Cc1ccccc1[N+](=O)[O-],720.025,36,440.92,0.48
Cc1ccccn1,621.2,46.04850992,326.292,0.298236207
Cc1cccnc1,644.9242857,45.39608925,294.195,0.302770657
Cc1cccnc1C,655.432875,39.83593571,337.04,0.35261703
Cc1ccco1,527.6125,47.3300657,247.878,0.273641736
Cc1cccs1,606.2166667,47.705,275,
Cc1ccnc(C)c1,647.035625,37.92420524,362.98,0.358525889
Cc1ccncc1,646,46.7054438,316.142,0.294568263
Cc1ccncc1C,683.796625,40.41796229,352.98,0.343901798
Cc1ccsc1,610.8166667,48.44,275,
Cc1cncc(C)c1,667.232875,38.29967225,369,0.356547324
Cc1cnccn1,634.15,50.1,285.23,
Cc1cocc1C,,,290.385,
Cl,324.6695714,83.09892179,81.71099972,0.128931093
Cl/C=C/CCl,606,49.9925,,
Cl/C=C/Cl,517.8833333,54.44516,219.99,0.223
Cl/C=C\CCl,593,48.2663,,
Cl/C=C\Cl,536.5516667,55.04033333,222.01,
ClB(Cl)Cl,451.9,,,
ClC(Cl)(Cl)Br,603,,,
ClC(Cl)(Cl)C(Cl)(Cl)Cl,702.025,34.54505,411.69,0.238
ClC(Cl)(Cl)Cl,556.424375,45.57510825,275.7977778,0.192464838
ClC(Cl)=C(Cl)C(Cl)(Cl)Cl,711.5,33.2343,512.82,
ClC(Cl)=C(Cl)Cl,619.75,46.18435,268.945,0.214
ClC(Cl)C(Cl)(Cl)Cl,650.43,36.6896,369.14,0.337
ClC(Cl)C(Cl)Cl,653.78,49.68955,324.68,0.253
ClC(Cl)CC(Cl)(Cl)Cl,683,34.182,,
ClC(Cl)Cl,536.3294545,55.0201872,239.3322222,0.227060649
ClC1CCCCC1,613.5,,,
ClC=C(Cl)Cl,565.66,49.29535,256.075,0.2135
ClC=CCl,526.725,54.82,,
ClCBr,558,,,
ClCC(Cl)(Cl)C(Cl)Cl,713,35.1532,,
ClCC(Cl)(Cl)CCl,664,37.3554,,
ClCC(Cl)(Cl)Cl,626,43.2843,,
ClCC(Cl)=C(Cl)Cl,656,43.3887,,
ClCC(Cl)C(Cl)Cl,697,39.178,,
ClCC(Cl)CCl,655.05,41.26685,348,
ClCC(Cl)Cl,604.7875,47.51085,294,
ClCC1CO1,624.15,,,
ClCC=C(Cl)Cl,628,42.62,,
ClCCC(Cl)(Cl)Cl,652,37.8481,,
ClCCC(Cl)Cl,643,41.5737,,
ClCCCCCl,638,38.9046,,
ClCCCCl,614.2333333,47.79903292,299.04,0.27572413
ClCCCl,561.4401818,53.64290638,223.2046103,0.28371582
ClCCOCCCl,666,39.385,,
ClCCl,509.3745455,62.21152681,187.0125,0.204242711
ClCOCCl,584,50.0776,,
ClCc1ccccc1,686.05,39.1,359.58,0.314
ClCl,416.977925,78.46159151,123.6613541,0.077955589
ClP(Cl)(Cl)(Cl)Cl,646.15,,,
ClP(Cl)Cl,563.3166667,56.7,262.035,0.22
Cl[SiH2]Cl,449.15,46.7,,
Cl[Si](Br)(Br)Br,618,,,
Cl[Si](Cl)(Br)Br,585,,,
Cl[Si](Cl)(Cl)Br,540,,,
Cl[Si](Cl)(Cl)Cl,508.06,35.95612173,,0.221270076
Clc1ccc(Cl)cc1,679.6416667,39.03425,369.35,0.27
Clc1cccc(Cl)c1,684.575,40.526,361.3233333,0.26
Clc1ccccc1,632.5016667,45.18641558,308.0927469,0.249847956
Clc1ccccc1Cl,708.2375,41.01325,359.985,0.272
F,461.09,64.8664,69,0.3688
F/C(=C\Cl)C(F)(F)F,428.69,33.37,281.6901408,0.322
F/C(Cl)=C(\F)Cl,451,43.3395,,
F/C(Cl)=C/Cl,491,47.0113,,
F/C=C(/F)C(F)(F)F,386.75,34,,
F/C=C(/F)C(F)F,379.85,35.3,,
F/C=C(/F)Cl,408,47.6281,,
F/C=C(\F)C(F)(F)F,379.25,33.4,,
F/C=C/C(F)(F)F,382.48325,36.34760946,233.8651165,0.313003217
F/C=C/Cl,445,76.399,,
F/C=C/F,350,69.3723,,
F/C=C\C(F)(F)F,423.28,35.32406667,246.33,0.327
F/C=C\Cl,462,58.4863,,
F/C=C\F,365,51.4439,,
F/N=N/F,260.0666667,55.7,113.3,
F/N=N\F,272.05,70.9,113.3,
FC(=C(F)C(F)(C(F)(F)F)C(F)(F)F)C(F)(F)F,438.99,19.72988764,,0.508358207
FC(=CCl)C(Cl)(Cl)Cl,639,36.1917,,
FC(C(F)(F)Cl)C(F)(Cl)Cl,540,30.4876,,
FC(C(F)(F)F)C(F)(F)Cl,430.15,29.1946,319.771868,
FC(C(F)(F)F)C(F)(F)F,375.19725,29.24930072,288.0707582,0.356477754
FC(C(F)(F)F)C(F)(F)OC(F)(F)F,392,20.4561,,
FC(C(F)(F)F)C(F)(F)OCC(F)(F)C(F)(F)F,486.48,19.46793848,529.1,0.589222767
FC(C(F)(F)F)C(F)(F)OCC(F)(F)F,475.74,22.32736508,444.25,0.53165267
FC(C(F)C(F)(F)F)C(F)(F)F,422,25,348.31,
FC(Cl)(Cl)C(Cl)(Cl)Cl,623,38.0113,,
FC(Cl)(Cl)C(Cl)=C(Cl)Cl,666,33.1433,,
FC(Cl)(Cl)C(Cl)Cl,614,45.3344,,
FC(Cl)(Cl)C(F)(Cl)Cl,551.0875,35.13026667,360.94,0.29
FC(Cl)(Cl)C(F)(F)C(Cl)Cl,593,30.3235,,
FC(Cl)(Cl)CCl,547,41.0488,,
FC(Cl)(Cl)Cl,471.15575,44.09583309,247.2051903,0.188361502
FC(Cl)=C(Cl)Cl,566,42.0626,,
FC(Cl)C(Cl)(Cl)C(Cl)(Cl)Cl,732,31.2198,,
FC(Cl)C(Cl)(Cl)Cl,604,38.6538,,
FC(Cl)C(Cl)C(F)(F)F,513.55,32.6531,,
FC(Cl)C(Cl)Cl,576,47.5848,,
FC(Cl)C(F)(Cl)C(F)(F)F,485.0166667,31.20643333,344.6566023,
FC(Cl)C(F)(Cl)Cl,528,38.7287,,
FC(Cl)C(F)(F)Br,487.3,34.2,,
FC(Cl)C(F)(F)C(F)(F)Cl,484.95,32.8693,364.3,
FC(Cl)C(F)(F)Cl,461.6142857,37.74359776,280.605,0.278189385
FC(Cl)C(F)(F)F,395.4961111,36.30915384,243.3458931,0.287946773
FC(Cl)C(F)(F)OCCl,532,22.9758,,
FC(Cl)C(F)Cl,526,44.4091,,
FC(Cl)CCl,542,48.8155,,
FC(Cl)Cl,451.5853333,51.88801911,196.1050445,0.20642804
FC(Cl)OC(F)(F)C(Cl)(Cl)Cl,591,30.1896,,
FC(F)(Br)Br,471.2625,43.3,249.5,
FC(F)(Br)C(F)(Cl)Br,560.94,36.07604502,357.8,0.244964066
FC(F)(Br)C(F)(F)Br,487.81,33.93,336.9833333,0.243
FC(F)(Br)C(F)(F)C(F)(F)C(F)(F)Br,532.6666667,23.93946189,,
FC(F)(C(Cl)Cl)C(Cl)(Cl)Cl,660,30.7238,,
FC(F)(Cl)Br,428.0071429,42.7777957,242.598,0.184818688
FC(F)(Cl)C(Cl)(Cl)Cl,552.35,25.3578,,
FC(F)(Cl)C(Cl)=C(Cl)Cl,606,33.237,,
FC(F)(Cl)C(Cl)Cl,526,37.8172,,
FC(F)(Cl)C(F)(Cl)Cl,487.273,33.97750077,327.7372783,0.252268395
FC(F)(Cl)C(F)(F)C(Cl)Cl,545,30.76,,
FC(F)(Cl)C(F)(F)C(F)(F)Cl,453.15,27.54,382.6749369,
FC(F)(Cl)C(F)(F)Cl,418.8233818,32.71681313,294.5871327,0.252801403
FC(F)(Cl)CCl,495,44.1886,,
FC(F)(Cl)Cl,383.6232917,41.22170604,214.8650357,0.183614603
FC(F)(F)/C=C/C(F)(F)F,443.52,27.7,,
FC(F)(F)/C=C/Cl,439.0333333,35.9657,271.7391304,0.3025
FC(F)(F)/C=C\C(F)(F)F,444.4855,29.0102,328.5151117,0.386
FC(F)(F)Br,340.1447778,39.6641529,198.5614286,0.170681722
FC(F)(F)C(Cl)(Cl)Cl,483.95,34.94,,
FC(F)(F)C(Cl)=C(Cl)Cl,542,32.985,,
FC(F)(F)C(Cl)Br,494.25,38,,
FC(F)(F)C(Cl)C(F)(F)Cl,479.45,29.5554,343.6469145,
FC(F)(F)C(Cl)C(F)(F)F,428.7833333,29.2712,315.172197,
FC(F)(F)C(Cl)CCl,523.6833333,40.5821,,
FC(F)(F)C(Cl)Cl,456.8768889,36.69963761,277.6007532,0.281999994
FC(F)(F)C(F)(C(F)(F)F)C(F)(C(F)(F)F)C(F)(F)F,462.9866667,19.11708861,528,0.41930306
FC(F)(F)C(F)(C(F)(F)F)C(F)(F)F,395.39,24.19881681,387.02,
FC(F)(F)C(F)(Cl)C(F)(F)Cl,448.925,26.3,364.96,
FC(F)(F)C(F)(Cl)Cl,418.6181111,32.89597402,293.8866667,0.253381602
FC(F)(F)C(F)(F)C(Cl)Cl,481,31.5854,,
FC(F)(F)C(F)(F)C(F)(C(F)(F)F)C(F)(F)C(F)(F)F,450,16.91182775,,0.468521083
FC(F)(F)C(F)(F)C(F)(F)C(F)(C(F)(F)F)C(F)(F)F,453.9075,18.67482153,535.01,0.459045191
FC(F)(F)C(F)(F)C(F)(F)C(F)(F)C(F)(F)C(F)(F)C(F)(F)C(F)(F)C(F)(F)C(F)(F)F,542.226,14.50344528,624.2,
FC(F)(F)C(F)(F)C(F)(F)C(F)(F)C(F)(F)C(F)(F)C(F)(F)C(F)(F)C(F)(F)F,523.984,15.60090828,590.6,0.494850022
FC(F)(F)C(F)(F)C(F)(F)C(F)(F)C(F)(F)C(F)(F)C(F)(F)C(F)(F)F,501.17,16.11869113,626.14,0.617982957
FC(F)(F)C(F)(F)C(F)(F)C(F)(F)C(F)(F)C(F)(F)C(F)(F)F,476.0728571,16.24279129,651.672,0.542891868
FC(F)(F)C(F)(F)C(F)(F)C(F)(F)C(F)(F)C(F)(F)F,449.204,18.5846675,569.7713014,0.495925011
FC(F)(F)C(F)(F)C(F)(F)C(F)(F)C(F)(F)F,421.6633333,20.42559381,436.1331644,0.428680395
FC(F)(F)C(F)(F)C(F)(F)C(F)(F)C1(F)OC(F)(F)C(F)(F)C1(F)F,500.2166667,16.07,647.855,
FC(F)(F)C(F)(F)C(F)(F)C(F)(F)F,386.3626667,23.21928309,387.9948016,0.371724087
FC(F)(F)C(F)(F)C(F)(F)C(F)(F)N(C(F)(F)C(F)(F)C(F)(F)C(F)(F)F)C(F)(F)C(F)(F)C(F)(F)C(F)(F)F,563.245,11.31168959,,0.891773344
FC(F)(F)C(F)(F)C(F)(F)F,345.13181,26.73482566,300.3744568,0.324267772
FC(F)(F)C(F)(F)C(F)(F)I,457,29,,
FC(F)(F)C(F)(F)C(F)(F)N(C(F)(F)C(F)(F)C(F)(F)F)C(F)(F)C(F)(F)C(F)(F)F,523.89,13.52243341,,0.640354207
FC(F)(F)C(F)(F)C(F)(I)C(F)(F)F,489,24,,
FC(F)(F)C(F)(F)C(F)(OC(F)(C(F)(F)F)C(F)(F)C(F)(F)F)C(F)(F)F,421.7,,,
FC(F)(F)C(F)(F)C1(F)C(F)(F)C(F)(F)C(F)(F)C2(F)C(F)(F)C(F)(F)C(F)(F)C(F)(F)C12F,574.88,16.05810056,,0.718512112
FC(F)(F)C(F)(F)CCl,446,31.99165,306.37,
FC(F)(F)C(F)(F)Cl,353.1027273,31.588315,253.0132852,0.256069381
FC(F)(F)C(F)(F)F,292.9005,30.2012858,224.5103575,0.252694194
FC(F)(F)C1(F)C(F)(F)C(F)(F)C(F)(F)C(F)(C(F)(F)F)C1(F)F,512,18.69989043,,0.48691564
FC(F)(F)C1(F)C(F)(F)C(F)(F)C(F)(F)C(F)(F)C1(F)F,486.194,20.96993771,570.13,0.426200418
FC(F)(F)C1(F)C(F)(F)C(F)(F)C(F)(F)C1(F)F,451.435,21.73678296,,0.417311794
FC(F)(F)C1(F)OC1(F)F,359.5,29.29547678,291.29,0.31354249
FC(F)(F)C1OC(F)(F)C(F)(F)O1,435.1,26.49817296,,0.419075024
FC(F)(F)CC(Cl)(Cl)Cl,534,31.2376,,
FC(F)(F)CC(Cl)Cl,515,30.3913,,
FC(F)(F)CC(F)(Cl)Cl,491,33.845,,
FC(F)(F)CC(F)(F)Cl,442,32.495,,
FC(F)(F)CC(F)(F)F,398.0785714,31.88948166,276.6419967,0.362447619
FC(F)(F)CC(F)(OC(F)(F)F)C(F)(F)F,447.4,21.48592093,460.62,0.478861916
FC(F)(F)CCC(F)(F)F,426,29.3477,,
FC(F)(F)CCCl,453,37.1641,,
FC(F)(F)CCl,425.0075,40.16247229,229.905,0.302421966
FC(F)(F)COC(F)(F)C(F)(F)F,421.6685,23.29015606,,0.457174573
FC(F)(F)COC(F)(F)F,401.9,28.56675,,
FC(F)(F)COCC(F)(F)F,476.31,27.82658193,364.17,0.488250289
FC(F)(F)Cl,301.9668182,38.83661035,179.9312744,0.176996479
FC(F)(F)F,227.5192,37.40439482,140.1131625,0.178397294
FC(F)(F)I,396.32,39.51190998,225.4365325,0.17590453
FC(F)(F)N(C(F)(F)C(F)(F)C(F)(F)C(F)(F)F)C(F)(F)C(F)(F)C(F)(F)C(F)(F)F,529.49,13.60107886,,0.65150043
FC(F)(F)OC(F)(F)C(F)(F)C(F)(F)F,391.7,18.74445951,403.23,0.364516253
FC(F)(F)OC(F)(F)C(F)(F)F,356.85,23.5363,,
FC(F)(F)OC(F)(F)OC(F)(F)F,372.35,23.3477552,,0.409827168
FC(F)(F)OCC(F)(F)C(F)(F)F,426,21.9377,,
FC(F)(F)S(F)(F)(F)(F)F,381.225,33.68966431,284.17,0.271646218
FC(F)(F)SC(F)(F)F,376.75,,,
FC(F)(F)c1ccc(Br)cc1,629.8,,,
FC(F)(F)c1cccc(Br)c1,627.1,,,
FC(F)(F)c1ccccc1,559.9125,36.88,,
FC(F)(F)c1ccccc1Br,656.5,,,
FC(F)=C(Cl)C(F)(F)Cl,478,31.35,,
FC(F)=C(Cl)C(F)(F)F,416,30.256,,
FC(F)=C(Cl)Cl,467.575,51.00535,172.8342105,
FC(F)=C(F)C(F)(F)C(F)(F)C(F)(F)C(F)(F)C(F)(F)F,478.2025,,,
FC(F)=C(F)C(F)(F)C(F)(F)C(F)(F)C(F)(F)F,454.4,,,
FC(F)=C(F)C(F)(F)F,358.975,31.43277052,258.1393674,0.333147432
FC(F)=C(F)C(F)=C(F)F,412.8,31.9,320.82,
FC(F)=C(F)Cl,379.2466667,40.69020227,212.0433333,0.244295892
FC(F)=C(F)F,306.7144444,39.41147154,174.1983333,0.222890055
FC(F)=CC(F)(F)F,376.55,33.1,,
FC(F)=CCl,400.557375,44.95560923,197.052,0.21432102
FC(F)Br,411.9742857,52.96325628,168.5025,0.207608311
FC(F)C(Cl)(Cl)Cl,518,37.1078,,
FC(F)C(Cl)Cl,505,43.7892,,
FC(F)C(F)(Cl)Cl,487,38.5309,,
FC(F)C(F)(F)C(F)(F)C(F)(F)C(F)(F)C(F)(F)C(F)(F)F,495.88,,,
FC(F)C(F)(F)C(F)(F)C(F)(F)C(F)(F)C(F)(F)F,471.775,,,
FC(F)C(F)(F)C(F)(F)C(F)(F)C(F)(F)F,443.9633333,,,
FC(F)C(F)(F)C(F)(F)C(F)(F)F,412.1166667,24.60433333,367.0445341,
FC(F)C(F)(F)C(F)(F)C(F)F,459,28.7129,348.31,
FC(F)C(F)(F)C(F)(F)Cl,434,31.35,,
FC(F)C(F)(F)C(F)(F)F,378.32,29.18935,282.591456,
FC(F)C(F)(F)C(F)F,428,34,271.52,
FC(F)C(F)(F)CCl,494.075,37.05,284.4516436,
FC(F)C(F)(F)COC(F)(F)C(F)C(F)(F)F,511.905,20.18319149,529.1,
FC(F)C(F)(F)COC(F)(F)C(F)F,510.07,25.81032335,437.83,0.537602002
FC(F)C(F)(F)COC(F)(F)F,447,24.0747,,
FC(F)C(F)(F)Cl,399.18,37.25195,249.34,0.274
FC(F)C(F)(F)F,339.1914444,36.1875381,210.4617594,0.305192577
FC(F)C(F)(F)OC(F)(F)C(F)(F)F,417,22.4613,,
FC(F)C(F)(F)OC(F)(F)F,387.7743333,26.36253101,338.18,0.387746094
FC(F)C(F)(F)OCC(F)(F)C(F)(F)C(F)(F)C(F)F,546.8,20.1,599.52,
FC(F)C(F)(F)OCC(F)(F)C(F)(F)F,473.01,22.42929902,454.75,0.535063571
FC(F)C(F)(F)OCC(F)(F)F,463.89,27.1257753,369.82,0.500725418
FC(F)C(F)(F)Oc1ccccc1,603.8,28.5,455.79,
FC(F)C(F)C(Cl)(Cl)Cl,547,31.5248,,
FC(F)C(F)C(F)(F)F,412.4184333,34.18462017,268.8336284,0.371755118
FC(F)C(F)Cl,458,43.1669,,
FC(F)C(F)F,391.758,45.61127142,191.335,0.292600169
FC(F)CC(F)(F)F,427.092,36.51257276,259.088629,0.367875194
FC(F)CC(F)F,442,36.2025,,
FC(F)CN(C(F)(F)F)C(F)(F)F,460.2,26.41364951,374.95,0.446238302
FC(F)COC(F)(F)C(F)(F)F,446,25.0582,,
FC(F)COC(F)(F)C(F)F,501.08,30.89272503,,0.500863005
FC(F)COC(F)(F)F,444.05,28.9051,,
FC(F)COC(F)F,483,42.4305,,
FC(F)Cl,369.28919,49.80683245,165.7635694,0.22015584
FC(F)F,299.12906,48.32336264,132.7255319,0.263112159
FC(F)OC(C(F)(F)F)C(F)(F)F,446,21.836,,
FC(F)OC(Cl)C(F)(F)F,467.7866667,30.47104167,315.96,0.402304814
FC(F)OC(F)(F)C(F)Cl,474.885,29.81201843,343.05,0.430275051
FC(F)OC(F)(F)C(F)F,439,32.3566,,
FC(F)OC(F)(F)F,354.3325,34.24159205,234.3305162,0.32707131
FC(F)OC(F)(OC(F)F)C(F)(F)F,449.8033333,24.22466335,,0.455931956
FC(F)OC(F)C(F)(F)F,428.944,30.46158593,315.26,0.415668776
FC(F)OC(F)F,420.29375,41.73174496,223.115,0.351639989
FC(F)OCC(F)(F)C(F)(F)F,455.1,27.75431553,,0.449038248
FC(F)OCC(F)(F)C(F)F,497,27.9628,,
FC(F)OCC(F)(F)F,444.595,34.30202951,290.9811817,0.387107361
FC(OC(F)(F)F)C(F)(F)F,377.26,26.20657725,320.72,0.403402904
FC1(F)C(Cl)C(F)(F)C1(F)F,470,,,
FC1(F)C(F)(F)C(F)(F)C(F)(F)C(F)(F)C1(F)F,457.264,22.86745101,458.72,0.416801226
FC1(F)C(F)(F)C(F)(F)C1(F)F,388.3891,27.79027259,322.997529,0.355887829
FC1(F)C(F)(F)C(F)(F)C2(F)C(F)(F)C(F)(F)C(F)(F)C(F)(F)C2(F)C1(F)F,565.37,17.7825841,,0.499351937
FC1(F)C(F)(F)C(F)(F)[C@]2(F)C(F)(F)C(F)(F)C(F)(F)[C@@]2(F)C1(F)F,526,16.82661548,,0.497299825
FC1(F)C(F)(F)C(F)(F)[C@]2(F)C(F)(F)C(F)(F)C(F)(F)[C@]2(F)C1(F)F,530,17.11886305,,0.499351937
FC1(F)OC(F)(F)C(F)(F)C1(F)F,399.7333333,27.04877514,317.66,0.308034897
FC1(F)OC(F)(F)C(F)(F)O1,368.085,27.15199557,,0.308918508
FC1(F)OC(F)(F)C1(F)F,361.875,30.78220093,272.18,0.321117585
FC1=C(F)C(F)(F)C(F)(F)C(F)(F)C1(F)F,461.8,25.2,,
FC1C(F)(F)C(F)(F)C(F)(F)C(F)(F)C1(F)F,477.83,,,
FC1CCCCC1,667.93,51.7259,,
FC1OC(F)(F)C(F)(F)OC1(F)F,452.9,28.68271058,,0.382999659
FC=C(Cl)Cl,503,48.7346,,
FC=C(F)F,331.73,45.4055,166.6666667,0.261
FCC(Cl)(Cl)Cl,549,41.9534,,
FCC(Cl)Cl,544,49.0393,,
FCC(F)(Cl)Cl,491,41.7403,,
FCC(F)(F)C(F)(F)C(F)(F)F,431.95,27.91953307,353.23,0.422853015
FCC(F)(F)C(F)(F)F,403.175,32.33995,276.4,
FCC(F)(F)C(F)F,447.15,39.48933112,256.3740136,0.35491151
FCC(F)(F)CF,447,38.8679,,
FCC(F)(F)Cl,448,39.7051,,
FCC(F)(F)F,374.211625,40.57835898,199.2325496,0.326954773
FCC(F)(F)OC(F)(F)C(F)(F)F,439,23.7045,,
FCC(F)(F)OC(F)F,463.025,32.76955,282.0195629,
FCC(F)(F)OCC(F)(F)F,474,26.4236,,
FCC(F)C(F)(F)F,442,33.3738,,
FCC(F)Cl,476,46.2141,,
FCC(F)F,433.6875,51.0575,165.02,
FCC=C(F)F,431,39.9565,,
FCCC(F)(F)F,429,38.6872,,
FCCCCF,506,41.3571,,
FCCCF,468,47.5788,,
FCCCl,510.2,50.4194,,
FCCF,453,50.8428,,
FCCl,424.95,51.3,,
FCF,351.3062778,57.91919699,122.2313522,0.275705287
FCOC(C(F)(F)F)C(F)(F)F,467,22.453,,
FCOC(F)(F)C(F)(F)C(F)(F)F,450,24.0619,,
FCOC(F)(F)C(F)F,458.6,26.9437,,
FF,144.208,51.97716667,65.68503984,0.051225
FN(F)F,234,44.9495,121.2542088,0.12625
FN(F)N(F)F,308.746,37.15798561,181,0.2233
FNF,403.05,78.6,,
FOF,215.1166667,49.5,97.65,
FP(F)F,271.2,43.3,,
FS(F)(F)(F)(F)F,318.7257429,37.60588174,197.4167725,0.230814175
FS(F)(F)F,364.025,43.3,,
F[PH]1(F)N[PH](F)(F)N[PH](F)(F)N1,460.85,,,
F[PH]1(F)N[PH](F)(F)N[PH](F)(F)N[PH](F)(F)N1,496.36,,,
F[PH]1(F)N[PH](F)(F)N[PH](F)(F)N[PH](F)(F)N[PH](F)(F)N1,523.97,,,
F[Si](Cl)(Cl)Cl,438.475,35.68563873,,0.197910742
F[Si](F)(Cl)Cl,368.92,35.06619048,,0.195860568
F[Si](F)(F)Cl,308.08,34.59271301,,
F[Si](F)(F)F,259.01,37.37518038,,
F[U](F)(F)(F)(F)F,,,250,
F[Xe](F)(F)F,612,70.4,,
F[Xe]F,631,93,149,
Fc1c(Cl)c(F)c(Cl)c(F)c1Cl,684.8166667,32.7,447.63,
Fc1c(F)c(F)c(-c2c(F)c(F)c(F)c(F)c2F)c(F)c1F,640.1,21.55555556,,0.735182177
Fc1c(F)c(F)c(Br)c(F)c1F,635.575,45.2,,
Fc1c(F)c(F)c(C(F)(F)F)c(F)c1F,534.44425,26.99035088,425.365,0.474955193
Fc1c(F)c(F)c(Cl)c(F)c1F,570.62,32.13512505,375.83,
Fc1c(F)c(F)c(F)c(F)c1F,516.6328571,32.74352359,336.9528571,0.396229568
Fc1c(F)c(F)c2c(F)c(F)c(F)c(F)c2c1F,673.0625,,,
Fc1cc(F)c(F)c(F)c1,535.24,37.48323063,311.04,0.346305205
Fc1cc(F)c(F)c(F)c1F,531.2492,35.22394782,323.5466667,0.373659633
Fc1cc(F)c(F)cc1F,543.34,37.99946441,309.02,0.355659901
Fc1cc(F)cc(Cl)c1,592,,,
Fc1cc(F)cc(F)c1,530.9,,,
Fc1ccc(Br)cc1,654.8,,,
Fc1ccc(Cl)c(F)c1,609.6,,,
Fc1ccc(Cl)cc1,620.1,,,
Fc1ccc(Cl)cc1F,609.2,,,
Fc1ccc(F)c(Cl)c1,612.5,,,
Fc1ccc(F)c(F)c1,551.1,,,
Fc1ccc(F)c(F)c1F,550.8066667,37.90989928,312.45,0.344765493
Fc1ccc(F)cc1,561.2333333,42.8,297,
Fc1cccc(Br)c1,652,,,
Fc1cccc(Cl)c1,615.9,,,
Fc1cccc(F)c1,552.4333333,42.37178488,289.02,0.283162277
Fc1cccc(F)c1F,560.3,,,
Fc1ccccc1,560.0808,45.47626072,282.0428571,0.246060649
Fc1ccccc1Br,669.6,,,
Fc1ccccc1Cl,633.8,,,
Fc1ccccc1F,561.6625,43.08582376,295.01,0.282329497
I,423.9,84.8165,126.885,0.040775
II,819.09,116.64375,155.004,0.17025
Ic1ccccc1,721.13,45.1925,351.03,0.247
N,405.52375,113.1857964,73.02400312,0.253715157
N#CC#N,399.65,60.71923885,178.3,0.27825
N#CC(F)(F)F,311.1,36.17039963,202.18,0.266000713
N#CCl,449.05,59.9,163.05,0.323
N#Cc1ccccc1,697.805,42.1549022,327.8671429,0.371633538
N#N,126.2774286,34.04764286,89.44060675,0.037725
N#[N+][O-],309.561,72.41192982,,0.161402747
NC(=O)Cc1ccccc1,825,47,,
NC1CCCCC1,622.75,,,
NC=O,771,77.75,163.095,0.411
NCCCCCCCCCCCCN,767,20.01305483,,
NCCCCCCCCCCN,736,24.14521452,,
NCCCCCCCCCN,726,26.10469314,,
NCCCCCCCCN,712,27.96078431,,
NCCCCCCN,685,35.74611399,,0.469800302
NCCCCN,651,45.10416667,,0.879426069
NCCCN,632,55.96460177,,0.403402904
NCCN,606.3916667,65.39095492,205.34,0.42575581
NCCNCCN,701.45,44.33125,354.865,0.455931956
NCCNCCO,739.1,45.46481482,340.02,0.562249437
NCCO,658.63125,72.43809524,196.1762523,0.567624719
NCCOCCO,721.1,48.42398401,333,0.576754126
NCc1ccccc1,686,48,,
NN,653.0775,147.04625,101.1,0.315066667
NN(c1ccccc1)c1ccccc1,830,40,,
NNc1ccccc1,755.5,50.55,417.54,0.535
Nc1c([N+](=O)[O-])cc([N+](=O)[O-])cc1[N+](=O)[O-],920,19.5,,
Nc1ccc(Cl)cc1,756,44.5,,
Nc1ccc([N+](=O)[O-])cc1,870,55,,
Nc1ccc2ccccc2c1,850,49,,
Nc1cccc(Cl)c1,753,50,,
Nc1cccc(N)c1,815,,,
Nc1cccc([N+](=O)[O-])c1,840,50,,
Nc1cccc2ccccc12,850,50,,
Nc1ccccc1,699.7727273,52.63638843,280.07375,0.375905178
Nc1ccccc1-c1ccccc1,838,37.05033223,583.43,0.402304814
Nc1ccccc1Cl,730,46,,
Nc1ccccc1[N+](=O)[O-],800,55,,
O,647.116,220.4135714,55.95257675,0.34084
O=C(/C=C(\O)C(F)(F)F)C(F)(F)F,485.1,28.8358,312.99,
O=C(C(F)(F)C(F)(F)F)C(F)(C(F)(F)F)C(F)(F)F,441.81,18.69,520.8333333,0.471
O=C(C(F)(F)F)C(F)(F)Cl,410.645,28.8209086,,0.346690987
O=C(C(F)(F)F)C(F)(F)F,357.17,28.58199148,328.97,0.364843848
O=C(CC(=O)C(F)(F)F)C(F)(F)F,485.0866667,28.20088758,288.93,0.493494968
O=C(Cl)C(Cl)(Cl)Cl,604,42.1,331.02,
O=C(Cl)C(F)(F)C(F)(F)C(F)(F)C(F)(F)C(F)(F)C(F)(F)F,519.8,14.5,651.47,
O=C(Cl)CCl,581,,,
O=C(Cl)Cl,455.0125,56.737,190.07,0.202
O=C(F)C(F)(F)C(F)(F)C(F)(F)C(F)(F)F,427,19,443.46,
O=C(O)/C=C\C(=O)O,620,,,
O=C(O)C(Cl)(Cl)Cl,688.05,48.1,308.83,0.549
O=C(O)C(Cl)Cl,686.05,51.7,264.76,0.555
O=C(O)C(F)(F)C(F)(F)C(F)(F)C(F)(F)F,545.555,23.38116592,532.48,0.924453039
O=C(O)C(F)(F)F,491.288,32.57972812,204,0.524109604
O=C(O)C=CC(=O)O,620,,,
O=C(O)CCC(=O)O,851,65.93449613,307.98,
O=C(O)CCCC(=O)O,840,42.77857143,,
O=C(O)CCCCC(=O)O,841,38.53899083,,
O=C(O)CCCCCC(=O)O,842,32.88132296,462.96,
O=C(O)CCCCCCC(=O)O,843,29.6915493,,
O=C(O)CCCCCCCC(=O)O,844,27.21290322,,
O=C(O)CCCCCCCCC(=O)O,845,25,,
O=C(O)CCCCCCCCCCC(=O)O,859,21.4875,,
O=C(O)CCCCCCCCCCCCC(=O)O,846,19.0093458,,
O=C(O)CCCCCCc1ccccc1,798,24.70294118,,
O=C(O)CCCCCc1ccccc1,794,26.01639345,,
O=C(O)CCCCc1ccccc1,790,29.69924812,,
O=C(O)CCCc1ccccc1,783,32.16111111,,
O=C(O)CCc1ccccc1,776,34.62142857,,
O=C(O)CCl,686.05,57.8,220.8,0.546
O=C(O)Cc1ccccc1,766,39.49226804,,
O=C(O)c1ccccc1,751.7875,44.12833333,342.9766667,0.6115
O=C(c1ccccc1)c1ccccc1,830.0083333,31.70236187,567.7,0.50091367
O=C1C=CCCC1,685,,305.18,
O=C1CCCC1,626.09375,48.14377473,270.0075,0.30291756
O=C1CCCCC1,642.5167,42.06520833,322.2575,0.326040034
O=C1CCCCC1C1CCCCC1,787,26.5,,
O=C1CCCO1,726.63,50.92962441,246,0.404503778
O=C1OC(=O)c2ccccc21,810.05,47.6055,368.025,
O=C1OC=CC1(O)O,731,51.3,,
O=C=C=C=O,427.58,69.44,177.62,
O=C=NCCCCCCN=C=O,720.8,27.97,513.04,
O=C=Nc1ccc(Cl)cc1,695,40,,
O=C=Nc1cccc(Cl)c1,695,35.5,,
O=C=Nc1ccccc1,659.2,39.60248447,341.765,0.366531544
O=C=O,304.1694667,73.79156834,94.13355963,0.225850007
O=C=S,378.7871429,63.54526044,134.9285533,0.097411782
O=CN1CCOCC1,779.1,50.70194805,326.05,0.37675071
O=CO,586.025,52.93333333,125.025,0.3165
O=Cc1ccccc1,691.88125,46.21534,323.76,0.319
O=Cc1ccccc1C(=O)O,864,48,,
O=Cc1ccccc1O,680,49.9,342.11,0.619
O=Cc1ccco1,670.1083333,56.76,252.21,0.368
O=NCl,440.3,91.19,139,0.318
O=O,154.610125,50.36084375,73.67594644,0.02235
O=S(=O)(Cl)Cl,545.05,46.1,233.92,0.176
O=S(=O)(O)O,924,,177.71,
O=S(=O)=O,490.985,82.0506,126.874,0.438
O=S1(=O)CCCC1,855,,333.78,
O=S=O,430.7201429,78.69669873,122.470503,0.251351996
O=[N+]([O-])F,349.4,,,
O=[N+]([O-])[N+](=O)[O-],431.0866667,101.2166667,82.52,0.8533
O=[N+]([O-])c1cc([N+](=O)[O-])cc([N+](=O)[O-])c1,835,19.5,,
O=[N+]([O-])c1cccc([N+](=O)[O-])c1,800,,,
O=[N+]([O-])c1cccc([N+](=O)[O-])c1[N+](=O)[O-],920,16.5,,
O=[N+]([O-])c1ccccc1,721.0666667,44,348.8,0.443
O=[O+][O-],261.058,55.40375,89.05,
O=[Os](=O)(=O)=O,405.15,172,,
OC(C(F)(F)F)C(F)(F)F,460,31.1546,,
OC(CCl)CCl,635,44.7582,,
OC(F)C(F)(F)C(F)(F)C(F)(F)C(F)(F)C(F)(F)CF,589.2,,,
OC(F)C(F)(F)C(F)(F)C(F)(F)CF,571.2,,,
OC(F)C(F)(F)CF,553.675,27.5413,,
OC1CCCC1,619.55,49.04166667,288.02,0.4612541
OC1CCCCC1,646.55,42.00233778,328.4628571,0.400642605
OCC(Cl)CCl,629,44.77,,
OCC(F)(F)C(F)(F)C(F)(F)C(F)(F)C(F)(F)C(F)(F)F,554.7,23.5,606.8,
OCC(F)(F)C(F)(F)C(F)(F)C(F)(F)C(F)(F)C(F)F,589,20.3,601.68,
OCC(F)(F)C(F)(F)C(F)(F)C(F)(F)F,521.4,23.1,446.63,
OCC(F)(F)C(F)(F)C(F)(F)C(F)F,571.2,27.5,424.27,
OCC(F)(F)C(F)(F)C(F)(F)F,506,26.7222,,
OCC(F)(F)C(F)F,546.8,41.7349,266.24,
OCC(F)(F)F,498.57,48.15219353,211.01,0.641132802
OCC(O)CO,822.4666667,73.12240487,256.205,0.519275539
OCCC(Cl)Cl,655,45.7551,,
OCCCCCCCCCCCCO,798,19.3,,
OCCCCCCCCCCO,770,22,,
OCCCCCCCCCO,760,24,,
OCCCCCCCCO,752,27,,
OCCCCCCO,727.2666667,37.57769653,401.61,0.73754891
OCCCCCO,731,40,,
OCCCCO,725.5766667,57.1528089,307.03,0.649751982
OCCCCc1ccccc1,746,30.69979424,,
OCCCO,714.3366667,64.5876559,237.5833333,0.685322039
OCCCOCCCO,705.1,33.84663163,,0.653647026
OCCCc1ccccc1,732,34.26415095,450.05,0.552841969
OCCCl,566,52.5136,,
OCCN(CCO)CCO,777.2166667,28.92,,
OCCNCCO,729.4166667,41.10375,326.0151515,1.013
OCCO,725.1975,83.01993058,184.0080045,0.525498843
OCCOCCO,728.272875,47.78940173,318.9833333,0.576754126
OCCOCCOCCO,774.3333333,33.37347108,453.93,0.57024772
OCCOCCOCCOCCO,795.25,30.66666667,607.9,
OCCc1ccccc1,723.6666667,40.43785311,390.02,0.454692884
OCc1ccccc1,709.6857143,44.55325039,334.26,0.391473966
OO,729.075,218.5,77.7,0.3582
Oc1c(F)c(F)c(F)c(F)c1F,608,38,346.62,
Oc1cccc(O)c1,836,62.39402985,291.97,0.482804102
Oc1ccccc1,694.085,60.06837806,235.74125,0.429050802
Oc1ccccc1Cl,675,50,,
P,324.625,65.4,155.96,0.0452
S,373.3014286,89.72621908,98.29757115,0.099416909
S=C=S,552.0416667,79.88548549,159.99,0.118360932
SC1CCCC1,631.2625,43.27,,
SC1CCCCC1,670.6833333,,400.8,
SS,572,59.1,,
SSS,738,51.3,,
SSSS,855,43.7,,
SSSSS,930,38.9,,
Sc1ccccc1,689.5166667,48.98,,
[2H][H],35.9,14.8,,
[2H]Br,362,,,
[2H]Cl,323.5,,,
[2H]I,421.8,,,
[2H]N([2H])[2H],405.5,113,,
[2H]O[2H],643.90675,217.32935,56.10426243,0.3609
[2H]P([2H])[2H],323.6,65,,
[2H]S[2H],372.3,89,,
[2H][2H],38.285,16.611975,59.69957632,-0.1393
[3H]O[3H],641.72,214.1,,
[3H][3H],40,18.5,,
[3He],3.31,1.14,72.5,
[Ar],150.7735,48.805,74.57775581,-0.002095
[C-]#[O+],132.8928571,34.96142857,93.10084266,0.0592
[Cl-].[NH4+],882,,165,
[H][H],33.101,13.04208,64.80456951,-0.216666667
[He],5.19265,2.2766,57.41257644,-0.3868
[Kr],209.44,55.125,91.68294931,-0.000894
[N-]=[N+]=O,309.5632143,72.51485714,97.35871192,0.15456
[N]=O,180.09,64.8864,58.01,0.58545
[Ne],44.4,27.10815,41.59688797,-0.0355
[O-][N+](F)(F)F,302.625,,159.55,
[O]N=O,431.2333333,101.3166667,,0.854033333
[Rn],377,63,140,
[SeH2],411,89.2,,
[SiH3]C(Cl)(Cl)Cl,517.43,34.02717058,348,0.254847105
[SiH3]C(Cl)Cl,475,38.93442623,,
[SiH3]CC(Cl)(Cl)Cl,559.95,33.3,,0.269
[Xe],289.7365,58.41,118.5238095,0.00363
c1cc2c3c(cccc3c1)CC2,820,37,,
c1cc2ccc3cccc4ccc(c1)c2c34,974,30.3,,
c1cc[nH]c1,639.207,62.7255,210.99,
c1ccc(-c2ccc(-c3ccccc3)cc2)cc1,911.7796667,29.82783333,732.2728571,0.643
c1ccc(-c2cccc(-c3ccccc3)c2)cc1,892.7133,27.08050214,739.285,0.614114955
c1ccc(-c2ccccc2)cc1,779.6341667,35.59364621,498.7277778,0.388179171
c1ccc(-c2ccccc2-c2ccccc2)cc1,866.94375,32.619,739.7416667,0.511
c1ccc(C(c2ccccc2)(c2ccccc2)c2ccccc2)cc1,983,17.9,965.25,0.679
c1ccc(C(c2ccccc2)c2ccccc2)cc1,865,22,751.88,0.574
c1ccc(Cc2ccccc2)cc1,763.895,28.21711462,562.3528571,0.468864265
c1ccc(Nc2ccccc2)cc1,822.3333333,34.9,539.08,0.53
c1ccc(Oc2ccccc2)cc1,768.1333333,30.96561667,514.53,0.4405
c1ccc2c(c1)CCC2,684.8888889,39.52221027,383.03,0.308972836
c1ccc2c(c1)CCCC2,720.11,36.31869817,412.3542857,0.327193393
c1ccc2c(c1)COC2,700,42.85,356.2333333,0.372
c1ccc2c(c1)Cc1ccccc1-2,836,31.8,,
c1ccc2c(c1)ccc1ccccc12,872.1444444,30.79666667,554.0066667,
c1ccc2c(c1)oc1ccccc12,824,35.62574605,494.7925,0.393666553
c1ccc2c(c1)sc1ccccc12,897,36.72166667,512,0.382999659
c1ccc2cc3ccccc3cc2c1,875.51875,30.2025,554.0066667,
c1ccc2ccccc2c1,748.3483333,40.43955001,408.3255556,0.301899134
c1ccc2cnccc2c1,803.0875,48.51333333,376.97,
c1ccc2ncccc2c1,783.1666667,45.625,409.485,
c1ccc2sccc2c1,764,47.26437347,379.08,0.300162274
c1ccccc1,562.0661538,48.94701964,256.6604527,0.21027515
c1ccncc1,619.78,56.7024188,252.4742857,0.240902824
c1ccoc1,490.0743,54.85618687,218.0328571,0.20406187
c1ccsc1,579.5172727,56.88718512,220.39125,0.195406714
c1cnccn1,627,66.02074689,228.83,0.256490235
c1cnoc1,577.3416667,61,190.92,0.257
c1cocn1,550.9,67.95807645,185.01,0.274088368
c1cscn1,631,,,
